hap_cluster	pop	hap_id	Rdl_296	Rdl_345	Vgsc_995
0	GHcol	AA0040-Ca	0	0	2
1	GHcol	AA0040-Cb	0	0	2
2	GHcol	AA0041-Ca	0	0	2
3	GHcol	AA0041-Cb	0	0	2
4	GHcol	AA0042-Ca	1	1	2
4	GHcol	AA0042-Cb	1	1	2
4	GHcol	AA0043-Ca	1	1	2
4	GHcol	AA0043-Cb	1	1	0
4	GHcol	AA0044-Ca	1	1	2
5	GHcol	AA0044-Cb	0	0	0
4	GHgam	AA0048-Ca	1	1	2
6	GHgam	AA0048-Cb	1	1	2
4	GHcol	AA0049-Ca	1	1	2
4	GHcol	AA0049-Cb	1	1	0
4	GHgam	AA0050-Ca	1	1	2
4	GHgam	AA0050-Cb	1	1	2
4	GHcol	AA0051-Ca	1	1	2
7	GHcol	AA0051-Cb	0	0	2
8	GHcol	AA0052-Ca	0	0	2
9	GHcol	AA0052-Cb	0	0	0
4	GHcol	AA0053-Ca	1	1	2
10	GHcol	AA0053-Cb	0	0	2
4	GHcol	AA0054-Ca	1	1	2
4	GHcol	AA0054-Cb	1	1	2
4	GHcol	AA0055-Ca	1	1	2
4	GHcol	AA0055-Cb	1	1	2
11	GHcol	AA0056-Ca	0	0	2
4	GHcol	AA0056-Cb	1	1	0
4	GHgam	AA0060-Ca	1	1	2
4	GHgam	AA0060-Cb	1	1	2
4	GHgam	AA0061-Ca	1	1	2
4	GHgam	AA0061-Cb	1	1	2
4	GHcol	AA0063-Ca	1	1	2
10	GHcol	AA0063-Cb	0	0	2
12	GHcol	AA0064-Ca	0	0	2
0	GHcol	AA0064-Cb	0	0	2
4	GHcol	AA0066-Ca	1	1	2
11	GHcol	AA0066-Cb	0	0	2
13	GHcol	AA0067-Ca	1	1	2
4	GHcol	AA0067-Cb	1	1	2
14	GHcol	AA0068-Ca	0	0	2
4	GHcol	AA0068-Cb	1	1	2
4	GHgam	AA0072-Ca	1	1	2
4	GHgam	AA0072-Cb	1	1	2
4	GHcol	AA0073-Ca	1	1	0
4	GHcol	AA0073-Cb	1	1	0
4	GHcol	AA0074-Ca	1	1	2
4	GHcol	AA0074-Cb	1	1	2
15	GHcol	AA0075-Ca	0	0	2
16	GHcol	AA0075-Cb	0	0	2
17	GHcol	AA0076-Ca	1	1	2
18	GHcol	AA0076-Cb	0	0	0
19	GHcol	AA0077-Ca	0	0	2
4	GHcol	AA0077-Cb	1	1	2
16	GHcol	AA0080-Ca	0	0	2
8	GHcol	AA0080-Cb	0	0	0
4	GHgam	AA0084-Ca	1	1	2
4	GHgam	AA0084-Cb	1	1	2
4	GHgam	AA0085-Ca	1	1	2
4	GHgam	AA0085-Cb	1	1	2
4	GHgam	AA0086-Ca	1	1	2
4	GHgam	AA0086-Cb	1	1	2
20	GHcol	AA0087-Ca	0	0	2
4	GHcol	AA0087-Cb	1	1	2
13	GHcol	AA0088-Ca	1	1	2
4	GHcol	AA0088-Cb	1	1	2
4	GHcol	AA0089-Ca	1	1	2
10	GHcol	AA0089-Cb	0	0	2
4	GHcol	AA0090-Ca	1	1	0
4	GHcol	AA0090-Cb	1	1	2
4	GHcol	AA0091-Ca	1	1	2
4	GHcol	AA0091-Cb	1	1	2
4	GHgam	AA0096-Ca	1	1	2
4	GHgam	AA0096-Cb	1	1	2
4	GHcol	AA0097-Ca	1	1	2
4	GHcol	AA0097-Cb	1	1	2
4	GHcol	AA0098-Ca	1	1	0
4	GHcol	AA0098-Cb	1	1	2
4	GHcol	AA0099-Ca	1	1	2
14	GHcol	AA0099-Cb	0	0	2
21	GHcol	AA0100-Ca	0	0	2
9	GHcol	AA0100-Cb	0	0	2
22	GHcol	AA0101-Ca	0	0	2
23	GHcol	AA0101-Cb	0	0	2
24	GHcol	AA0102-Ca	0	0	2
4	GHcol	AA0102-Cb	1	1	2
4	GHcol	AA0103-Ca	1	1	2
4	GHcol	AA0103-Cb	1	1	2
4	GHcol	AA0104-Ca	1	1	0
4	GHcol	AA0104-Cb	1	1	2
4	GHcol	AA0107-Ca	1	1	0
4	GHcol	AA0107-Cb	1	1	0
4	GHgam	AA0108-Ca	1	1	2
4	GHgam	AA0108-Cb	1	1	2
4	GHcol	AA0109-Ca	1	1	2
4	GHcol	AA0109-Cb	1	1	0
4	GHcol	AA0110-Ca	1	1	2
4	GHcol	AA0110-Cb	1	1	0
4	GHcol	AA0111-Ca	1	1	2
4	GHcol	AA0111-Cb	1	1	2
4	GHcol	AA0113-Ca	1	1	2
14	GHcol	AA0113-Cb	0	0	2
4	GHcol	AA0114-Ca	1	1	2
4	GHcol	AA0114-Cb	1	1	2
25	GHcol	AA0115-Ca	0	0	0
4	GHcol	AA0115-Cb	1	1	0
26	GHcol	AA0116-Ca	1	1	0
4	GHcol	AA0116-Cb	1	1	2
4	GHgam	AA0122-Ca	1	1	2
27	GHgam	AA0122-Cb	0	0	2
4	GHcol	AA0123-Ca	1	1	2
4	GHcol	AA0123-Cb	1	1	0
10	GHcol	AA0124-Ca	0	0	2
4	GHcol	AA0124-Cb	1	1	2
28	GHcol	AA0125-Ca	0	0	2
16	GHcol	AA0125-Cb	0	0	2
13	GHcol	AA0127-Ca	1	1	2
29	GHcol	AA0127-Cb	0	0	2
4	GHcol	AA0132-Ca	1	1	2
4	GHcol	AA0132-Cb	1	1	2
4	GHgam	AA0133-Ca	1	1	2
4	GHgam	AA0133-Cb	1	1	2
4	GHcol	AA0134-Ca	1	1	2
11	GHcol	AA0134-Cb	0	0	2
4	GHcol	AA0135-Ca	1	1	2
30	GHcol	AA0135-Cb	0	0	2
31	GHcol	AA0136-Ca	0	0	2
4	GHcol	AA0136-Cb	1	1	2
4	GHcol	AA0139-Ca	1	1	2
4	GHcol	AA0139-Cb	1	1	2
4	GHcol	AA0140-Ca	1	1	2
32	GHcol	AA0140-Cb	0	0	2
4	GHcol	AA0141-Ca	1	1	2
4	GHcol	AA0141-Cb	1	1	2
4	BFgam	AB0085-Ca	1	1	2
33	BFgam	AB0085-Cb	0	0	2
34	BFcol	AB0087-Ca	2	2	2
34	BFcol	AB0087-Cb	2	2	0
34	BFcol	AB0088-Ca	2	2	2
35	BFcol	AB0088-Cb	0	0	2
34	BFcol	AB0089-Ca	2	2	2
36	BFcol	AB0089-Cb	0	0	2
34	BFcol	AB0090-Ca	2	2	2
37	BFcol	AB0090-Cb	0	0	0
34	BFcol	AB0091-Ca	2	0	2
34	BFcol	AB0091-Cb	2	2	0
34	BFcol	AB0092-Ca	2	2	2
34	BFcol	AB0092-Cb	2	2	2
34	BFcol	AB0094-Ca	2	2	2
14	BFcol	AB0094-Cb	0	0	2
38	BFcol	AB0095-Ca	0	0	2
31	BFcol	AB0095-Cb	0	0	2
30	BFcol	AB0097-Ca	0	0	2
39	BFcol	AB0097-Cb	0	0	2
40	BFcol	AB0098-Ca	0	0	2
34	BFcol	AB0098-Cb	2	2	2
34	BFcol	AB0099-Ca	2	2	2
34	BFcol	AB0099-Cb	2	2	2
38	BFcol	AB0100-Ca	0	0	2
14	BFcol	AB0100-Cb	0	0	2
11	BFcol	AB0101-Ca	0	0	2
34	BFcol	AB0101-Cb	2	2	2
41	BFgam	AB0103-Ca	0	0	2
42	BFgam	AB0103-Cb	0	0	2
43	BFgam	AB0104-Ca	0	0	2
4	BFgam	AB0104-Cb	1	1	2
44	BFgam	AB0108-Ca	0	0	2
45	BFgam	AB0108-Cb	0	1	2
46	BFcol	AB0109-Ca	0	0	2
34	BFcol	AB0109-Cb	2	0	2
47	BFcol	AB0110-Ca	0	0	0
34	BFcol	AB0110-Cb	2	2	2
34	BFcol	AB0111-Ca	2	2	2
34	BFcol	AB0111-Cb	2	2	2
34	BFcol	AB0112-Ca	2	2	0
34	BFcol	AB0112-Cb	2	2	2
48	BFcol	AB0113-Ca	0	0	2
34	BFcol	AB0113-Cb	2	2	2
34	BFcol	AB0114-Ca	2	2	2
34	BFcol	AB0114-Cb	2	2	2
34	BFcol	AB0115-Ca	2	2	2
34	BFcol	AB0115-Cb	2	2	2
49	BFgam	AB0117-Ca	0	0	2
4	BFgam	AB0117-Cb	1	1	2
50	BFgam	AB0118-Ca	0	0	2
51	BFgam	AB0118-Cb	0	0	2
52	BFgam	AB0119-Ca	0	0	2
4	BFgam	AB0119-Cb	1	1	2
53	BFcol	AB0122-Ca	0	0	2
34	BFcol	AB0122-Cb	2	2	2
54	BFcol	AB0123-Ca	0	0	2
55	BFcol	AB0123-Cb	0	0	2
34	BFcol	AB0124-Ca	2	2	2
34	BFcol	AB0124-Cb	2	2	2
4	BFgam	AB0126-Ca	1	1	2
56	BFgam	AB0126-Cb	0	0	2
4	BFgam	AB0127-Ca	1	1	2
4	BFgam	AB0127-Cb	1	1	2
57	BFgam	AB0128-Ca	0	0	2
4	BFgam	AB0128-Cb	1	1	2
4	BFgam	AB0129-Ca	1	1	2
58	BFgam	AB0129-Cb	0	0	2
59	BFgam	AB0130-Ca	0	0	2
60	BFgam	AB0130-Cb	0	0	2
61	BFgam	AB0133-Ca	0	0	2
4	BFgam	AB0133-Cb	1	1	2
4	BFgam	AB0134-Ca	1	1	2
62	BFgam	AB0134-Cb	0	0	2
4	BFgam	AB0135-Ca	1	1	2
63	BFgam	AB0135-Cb	0	0	2
64	BFgam	AB0136-Ca	0	0	2
65	BFgam	AB0136-Cb	0	0	2
34	BFcol	AB0137-Ca	2	2	2
34	BFcol	AB0137-Cb	2	2	2
34	BFcol	AB0138-Ca	2	2	2
66	BFcol	AB0138-Cb	0	0	0
34	BFcol	AB0139-Ca	2	2	2
34	BFcol	AB0139-Cb	2	2	2
30	BFcol	AB0140-Ca	0	0	2
34	BFcol	AB0140-Cb	2	2	2
34	BFcol	AB0142-Ca	2	2	2
34	BFcol	AB0142-Cb	2	2	2
4	BFgam	AB0143-Ca	1	1	2
4	BFgam	AB0143-Cb	1	1	2
4	BFgam	AB0145-Ca	1	1	2
67	BFgam	AB0145-Cb	0	0	2
68	BFgam	AB0146-Ca	0	0	2
69	BFgam	AB0146-Cb	0	0	2
70	BFgam	AB0147-Ca	0	0	2
71	BFgam	AB0147-Cb	0	0	2
4	BFgam	AB0148-Ca	1	1	2
72	BFgam	AB0148-Cb	0	0	2
4	BFgam	AB0150-Ca	1	1	2
4	BFgam	AB0150-Cb	1	1	2
73	BFgam	AB0151-Ca	0	0	2
4	BFgam	AB0151-Cb	1	1	2
74	BFgam	AB0153-Ca	0	0	2
75	BFgam	AB0153-Cb	0	0	2
4	BFgam	AB0155-Ca	1	1	2
4	BFgam	AB0155-Cb	1	1	2
4	BFgam	AB0157-Ca	1	1	2
76	BFgam	AB0157-Cb	0	0	2
77	BFgam	AB0158-Ca	0	0	2
78	BFgam	AB0158-Cb	0	0	2
79	BFgam	AB0159-Ca	0	0	2
80	BFgam	AB0159-Cb	0	0	2
81	BFgam	AB0160-Ca	0	0	2
4	BFgam	AB0160-Cb	1	1	2
4	BFgam	AB0161-Ca	1	1	2
82	BFgam	AB0161-Cb	0	0	2
83	BFgam	AB0162-Ca	0	0	2
4	BFgam	AB0162-Cb	1	1	2
4	BFgam	AB0164-Ca	1	1	2
4	BFgam	AB0164-Cb	1	1	2
84	BFgam	AB0165-Ca	0	0	2
85	BFgam	AB0165-Cb	0	0	2
4	BFgam	AB0166-Ca	1	1	2
86	BFgam	AB0166-Cb	0	0	2
4	BFgam	AB0167-Ca	1	1	2
87	BFgam	AB0167-Cb	0	0	2
88	BFgam	AB0169-Ca	0	0	2
89	BFgam	AB0169-Cb	0	0	2
4	BFgam	AB0170-Ca	1	1	2
4	BFgam	AB0170-Cb	1	1	2
90	BFgam	AB0171-Ca	0	0	2
44	BFgam	AB0171-Cb	0	0	2
27	BFgam	AB0172-Ca	0	0	2
11	BFgam	AB0172-Cb	0	0	2
91	BFgam	AB0173-Ca	0	0	2
92	BFgam	AB0173-Cb	1	0	2
93	BFgam	AB0174-Ca	0	0	2
94	BFgam	AB0174-Cb	0	0	2
95	BFgam	AB0175-Ca	0	0	2
96	BFgam	AB0175-Cb	0	0	2
97	BFgam	AB0176-Ca	0	0	2
98	BFgam	AB0176-Cb	0	0	2
4	BFgam	AB0177-Ca	1	1	2
99	BFgam	AB0177-Cb	0	0	2
4	BFgam	AB0178-Ca	1	1	2
4	BFgam	AB0178-Cb	1	1	2
4	BFgam	AB0179-Ca	1	1	2
100	BFgam	AB0179-Cb	0	0	2
34	BFcol	AB0181-Ca	2	2	0
101	BFcol	AB0181-Cb	0	0	2
11	BFcol	AB0182-Ca	0	0	2
34	BFcol	AB0182-Cb	2	2	2
34	BFcol	AB0183-Ca	2	2	2
34	BFcol	AB0183-Cb	2	2	2
34	BFcol	AB0184-Ca	2	2	2
34	BFcol	AB0184-Cb	2	2	2
102	BFcol	AB0185-Ca	0	0	2
34	BFcol	AB0185-Cb	2	2	2
34	BFcol	AB0186-Ca	2	2	2
103	BFcol	AB0186-Cb	0	0	2
34	BFcol	AB0187-Ca	2	2	2
34	BFcol	AB0187-Cb	2	2	2
104	BFcol	AB0188-Ca	0	0	0
34	BFcol	AB0188-Cb	2	2	2
34	BFcol	AB0189-Ca	2	2	2
31	BFcol	AB0189-Cb	0	0	2
34	BFcol	AB0190-Ca	2	2	2
34	BFcol	AB0190-Cb	2	2	2
34	BFcol	AB0191-Ca	2	2	2
16	BFcol	AB0191-Cb	0	0	2
16	BFcol	AB0192-Ca	0	0	0
38	BFcol	AB0192-Cb	0	0	2
105	BFcol	AB0195-Ca	0	0	0
34	BFcol	AB0195-Cb	2	2	2
34	BFcol	AB0196-Ca	2	2	2
34	BFcol	AB0196-Cb	2	0	2
4	BFgam	AB0197-Ca	1	1	2
4	BFgam	AB0197-Cb	1	1	2
106	BFgam	AB0198-Ca	0	0	2
107	BFgam	AB0198-Cb	0	0	2
4	BFgam	AB0199-Ca	1	1	2
108	BFgam	AB0199-Cb	0	0	2
109	BFgam	AB0200-Ca	0	0	2
110	BFgam	AB0200-Cb	0	0	2
4	BFgam	AB0201-Ca	1	1	2
111	BFgam	AB0201-Cb	0	0	2
4	BFgam	AB0202-Ca	1	1	2
112	BFgam	AB0202-Cb	0	0	2
113	BFgam	AB0203-Ca	0	0	2
114	BFgam	AB0203-Cb	0	0	2
11	BFcol	AB0204-Ca	0	0	2
34	BFcol	AB0204-Cb	2	2	0
44	BFgam	AB0205-Ca	0	0	2
4	BFgam	AB0205-Cb	1	1	2
4	BFgam	AB0206-Ca	1	1	2
115	BFgam	AB0206-Cb	0	0	2
4	BFgam	AB0207-Ca	1	1	2
116	BFgam	AB0207-Cb	0	0	2
117	BFgam	AB0208-Ca	0	0	2
118	BFgam	AB0208-Cb	0	0	2
34	BFcol	AB0209-Ca	2	2	2
104	BFcol	AB0209-Cb	0	0	2
119	BFcol	AB0210-Ca	0	0	2
34	BFcol	AB0210-Cb	2	2	2
120	BFgam	AB0211-Ca	0	0	2
121	BFgam	AB0211-Cb	0	0	2
34	BFcol	AB0212-Ca	2	0	2
119	BFcol	AB0212-Cb	0	0	0
34	BFcol	AB0213-Ca	2	2	2
19	BFcol	AB0213-Cb	0	0	2
34	BFcol	AB0215-Ca	2	2	2
29	BFcol	AB0215-Cb	0	0	2
122	BFgam	AB0217-Ca	0	0	2
4	BFgam	AB0217-Cb	1	1	2
123	BFgam	AB0218-Ca	0	0	2
4	BFgam	AB0218-Cb	1	1	2
34	BFcol	AB0219-Ca	2	2	2
124	BFcol	AB0219-Cb	0	0	2
34	BFcol	AB0221-Ca	2	2	2
34	BFcol	AB0221-Cb	2	2	2
34	BFcol	AB0222-Ca	2	2	2
34	BFcol	AB0222-Cb	2	2	2
34	BFcol	AB0223-Ca	2	2	2
34	BFcol	AB0223-Cb	2	2	2
125	BFcol	AB0224-Ca	0	0	2
16	BFcol	AB0224-Cb	0	0	2
34	BFcol	AB0226-Ca	2	0	0
34	BFcol	AB0226-Cb	2	2	2
34	BFcol	AB0227-Ca	2	2	2
34	BFcol	AB0227-Cb	2	2	2
126	BFgam	AB0228-Ca	0	0	2
127	BFgam	AB0228-Cb	0	0	2
34	BFcol	AB0229-Ca	2	2	0
11	BFcol	AB0229-Cb	0	0	2
4	BFgam	AB0231-Ca	1	1	2
128	BFgam	AB0231-Cb	0	0	2
129	BFgam	AB0232-Ca	0	0	2
130	BFgam	AB0232-Cb	0	0	2
4	BFgam	AB0233-Ca	1	1	2
131	BFgam	AB0233-Cb	0	0	2
34	BFcol	AB0234-Ca	2	2	2
31	BFcol	AB0234-Cb	0	0	2
132	BFgam	AB0235-Ca	0	0	2
133	BFgam	AB0235-Cb	0	0	2
134	BFgam	AB0236-Ca	0	0	2
96	BFgam	AB0236-Cb	0	0	2
34	BFcol	AB0237-Ca	2	2	2
34	BFcol	AB0237-Cb	2	2	2
135	BFgam	AB0238-Ca	0	0	2
4	BFgam	AB0238-Cb	1	1	2
136	BFgam	AB0239-Ca	0	0	2
4	BFgam	AB0239-Cb	1	1	2
34	BFcol	AB0240-Ca	2	0	0
31	BFcol	AB0240-Cb	0	0	2
4	BFgam	AB0241-Ca	1	1	2
4	BFgam	AB0241-Cb	1	1	2
34	BFcol	AB0242-Ca	2	2	2
34	BFcol	AB0242-Cb	2	2	0
14	BFcol	AB0243-Ca	0	0	2
34	BFcol	AB0243-Cb	2	2	2
4	BFgam	AB0244-Ca	1	0	2
137	BFgam	AB0244-Cb	0	1	2
34	BFcol	AB0246-Ca	2	2	0
138	BFcol	AB0246-Cb	0	0	2
34	BFcol	AB0247-Ca	2	2	2
34	BFcol	AB0247-Cb	2	2	2
34	BFcol	AB0248-Ca	2	2	2
4	BFcol	AB0248-Cb	1	1	2
139	BFcol	AB0249-Ca	0	0	2
34	BFcol	AB0249-Cb	2	2	2
34	BFcol	AB0250-Ca	2	2	2
140	BFcol	AB0250-Cb	0	0	2
4	BFgam	AB0251-Ca	1	1	2
141	BFgam	AB0251-Cb	0	0	2
142	BFgam	AB0252-Ca	0	0	2
143	BFgam	AB0252-Cb	0	0	2
4	BFgam	AB0253-Ca	1	1	2
144	BFgam	AB0253-Cb	0	0	2
4	BFgam	AB0255-Ca	1	1	2
145	BFgam	AB0255-Cb	0	0	2
146	BFgam	AB0256-Ca	0	0	2
4	BFgam	AB0256-Cb	1	1	2
147	BFcol	AB0257-Ca	0	0	2
119	BFcol	AB0257-Cb	0	0	0
34	BFcol	AB0258-Ca	2	2	2
31	BFcol	AB0258-Cb	0	0	2
4	BFgam	AB0260-Ca	1	1	2
4	BFgam	AB0260-Cb	1	1	2
148	BFgam	AB0261-Ca	0	0	2
4	BFgam	AB0261-Cb	1	1	2
34	BFcol	AB0262-Ca	2	0	2
105	BFcol	AB0262-Cb	0	0	2
30	BFcol	AB0263-Ca	0	0	2
149	BFcol	AB0263-Cb	0	0	0
4	BFgam	AB0264-Ca	1	1	2
150	BFgam	AB0264-Cb	0	0	2
4	BFgam	AB0265-Ca	1	1	2
151	BFgam	AB0265-Cb	0	0	2
152	BFcol	AB0266-Ca	0	0	0
34	BFcol	AB0266-Cb	2	2	0
34	BFcol	AB0267-Ca	2	2	0
34	BFcol	AB0267-Cb	2	2	2
43	BFgam	AB0268-Ca	0	0	2
153	BFgam	AB0268-Cb	0	0	2
4	BFgam	AB0270-Ca	1	1	2
4	BFgam	AB0270-Cb	1	1	2
154	BFgam	AB0271-Ca	0	0	2
155	BFgam	AB0271-Cb	0	0	2
156	BFgam	AB0272-Ca	0	0	2
4	BFgam	AB0272-Cb	1	1	2
4	BFgam	AB0273-Ca	1	1	2
4	BFgam	AB0273-Cb	1	1	2
4	BFgam	AB0274-Ca	1	1	2
4	BFgam	AB0274-Cb	1	1	2
4	BFgam	AB0275-Ca	1	1	2
157	BFgam	AB0275-Cb	0	0	2
104	BFcol	AB0276-Ca	0	0	2
34	BFcol	AB0276-Cb	2	2	2
158	BFgam	AB0277-Ca	0	0	2
159	BFgam	AB0277-Cb	0	0	2
160	BFgam	AB0278-Ca	0	0	2
161	BFgam	AB0278-Cb	0	0	2
34	BFcol	AB0279-Ca	2	2	2
103	BFcol	AB0279-Cb	0	0	2
162	BFgam	AB0280-Ca	1	1	2
4	BFgam	AB0280-Cb	1	1	2
163	BFgam	AB0281-Ca	0	0	2
4	BFgam	AB0281-Cb	1	1	2
34	BFcol	AB0282-Ca	2	2	2
34	BFcol	AB0282-Cb	2	2	2
4	BFgam	AB0283-Ca	1	1	2
164	BFgam	AB0283-Cb	0	0	2
165	BFgam	AB0284-Ca	0	0	2
166	BFgam	AB0284-Cb	0	0	2
167	UGgam	AC0089-Ca	0	0	1
168	UGgam	AC0089-Cb	0	0	1
169	UGgam	AC0090-Ca	0	0	1
170	UGgam	AC0090-Cb	0	0	1
171	UGgam	AC0091-Ca	0	0	1
172	UGgam	AC0091-Cb	0	0	1
173	UGgam	AC0092-Ca	0	0	1
174	UGgam	AC0092-Cb	0	0	1
175	UGgam	AC0093-Ca	0	0	1
176	UGgam	AC0093-Cb	0	0	1
177	UGgam	AC0094-Ca	0	0	1
178	UGgam	AC0094-Cb	0	0	1
179	UGgam	AC0095-Ca	0	0	1
180	UGgam	AC0095-Cb	0	0	1
181	UGgam	AC0096-Ca	0	0	1
182	UGgam	AC0096-Cb	0	0	1
183	UGgam	AC0097-Ca	0	0	1
184	UGgam	AC0097-Cb	0	0	1
185	UGgam	AC0098-Ca	0	0	1
186	UGgam	AC0098-Cb	0	0	1
187	UGgam	AC0099-Ca	0	0	1
188	UGgam	AC0099-Cb	0	0	1
189	UGgam	AC0100-Ca	0	0	1
190	UGgam	AC0100-Cb	0	0	1
191	UGgam	AC0101-Ca	0	0	1
192	UGgam	AC0101-Cb	0	0	1
193	UGgam	AC0102-Ca	0	0	1
194	UGgam	AC0102-Cb	0	0	1
195	UGgam	AC0103-Ca	0	0	1
196	UGgam	AC0103-Cb	0	0	1
197	UGgam	AC0104-Ca	0	0	1
198	UGgam	AC0104-Cb	0	0	1
199	UGgam	AC0105-Ca	0	0	1
200	UGgam	AC0105-Cb	0	0	1
201	UGgam	AC0106-Ca	0	0	1
202	UGgam	AC0106-Cb	0	0	1
203	UGgam	AC0107-Ca	0	0	1
204	UGgam	AC0107-Cb	0	0	1
205	UGgam	AC0108-Ca	0	0	1
206	UGgam	AC0108-Cb	0	0	1
207	UGgam	AC0109-Ca	0	0	1
208	UGgam	AC0109-Cb	0	0	1
50	UGgam	AC0110-Ca	0	0	1
209	UGgam	AC0110-Cb	0	0	1
210	UGgam	AC0111-Ca	0	0	1
211	UGgam	AC0111-Cb	0	0	1
187	UGgam	AC0112-Ca	0	0	1
212	UGgam	AC0112-Cb	0	0	1
213	UGgam	AC0113-Ca	0	0	1
214	UGgam	AC0113-Cb	0	0	1
215	UGgam	AC0114-Ca	0	0	1
216	UGgam	AC0114-Cb	0	0	1
217	UGgam	AC0115-Ca	0	0	1
174	UGgam	AC0115-Cb	0	0	1
218	UGgam	AC0116-Ca	0	0	1
219	UGgam	AC0116-Cb	0	0	1
220	UGgam	AC0117-Ca	0	0	1
180	UGgam	AC0117-Cb	0	0	1
221	UGgam	AC0118-Ca	0	0	1
222	UGgam	AC0118-Cb	0	0	1
169	UGgam	AC0119-Ca	0	0	1
223	UGgam	AC0119-Cb	0	0	1
224	UGgam	AC0120-Ca	0	0	1
167	UGgam	AC0120-Cb	0	0	1
225	UGgam	AC0121-Ca	0	0	1
226	UGgam	AC0121-Cb	0	0	1
227	UGgam	AC0122-Ca	0	0	1
228	UGgam	AC0122-Cb	0	0	1
229	UGgam	AC0123-Ca	0	0	1
230	UGgam	AC0123-Cb	0	0	1
231	UGgam	AC0124-Ca	0	0	1
232	UGgam	AC0124-Cb	0	0	1
233	UGgam	AC0125-Ca	0	0	1
145	UGgam	AC0125-Cb	0	0	1
223	UGgam	AC0126-Ca	0	0	1
234	UGgam	AC0126-Cb	0	0	1
235	UGgam	AC0127-Ca	0	0	1
236	UGgam	AC0127-Cb	0	0	1
213	UGgam	AC0128-Ca	0	0	1
237	UGgam	AC0128-Cb	0	0	1
238	UGgam	AC0129-Ca	0	0	1
52	UGgam	AC0129-Cb	0	0	1
239	UGgam	AC0130-Ca	0	0	1
240	UGgam	AC0130-Cb	0	0	1
241	UGgam	AC0131-Ca	0	0	1
194	UGgam	AC0131-Cb	0	0	1
202	UGgam	AC0132-Ca	0	0	1
242	UGgam	AC0132-Cb	0	0	1
243	UGgam	AC0133-Ca	0	0	1
244	UGgam	AC0133-Cb	0	0	1
245	UGgam	AC0134-Ca	0	0	1
215	UGgam	AC0134-Cb	0	0	1
223	UGgam	AC0135-Ca	0	0	1
246	UGgam	AC0135-Cb	0	0	1
247	UGgam	AC0136-Ca	0	0	1
248	UGgam	AC0136-Cb	0	0	1
249	UGgam	AC0137-Ca	0	0	1
250	UGgam	AC0137-Cb	0	0	1
251	UGgam	AC0138-Ca	0	0	1
252	UGgam	AC0138-Cb	0	0	1
243	UGgam	AC0139-Ca	0	0	1
253	UGgam	AC0139-Cb	0	0	1
254	UGgam	AC0140-Ca	0	0	1
255	UGgam	AC0140-Cb	0	0	1
198	UGgam	AC0141-Ca	0	0	1
256	UGgam	AC0141-Cb	0	0	1
223	UGgam	AC0142-Ca	0	0	1
50	UGgam	AC0142-Cb	0	0	1
257	UGgam	AC0143-Ca	0	0	1
258	UGgam	AC0143-Cb	0	0	1
259	UGgam	AC0144-Ca	0	0	1
260	UGgam	AC0144-Cb	0	0	1
261	UGgam	AC0145-Ca	0	0	1
262	UGgam	AC0145-Cb	0	0	1
263	UGgam	AC0146-Ca	0	0	1
264	UGgam	AC0146-Cb	0	0	1
265	UGgam	AC0147-Ca	0	0	1
266	UGgam	AC0147-Cb	0	0	1
267	UGgam	AC0148-Ca	0	0	1
268	UGgam	AC0148-Cb	0	0	1
269	UGgam	AC0149-Ca	0	0	1
270	UGgam	AC0149-Cb	0	0	1
270	UGgam	AC0150-Ca	0	0	1
271	UGgam	AC0150-Cb	0	0	1
272	UGgam	AC0151-Ca	0	0	1
273	UGgam	AC0151-Cb	0	0	1
220	UGgam	AC0152-Ca	0	0	1
274	UGgam	AC0152-Cb	0	0	1
220	UGgam	AC0153-Ca	0	0	1
275	UGgam	AC0153-Cb	0	0	1
276	UGgam	AC0154-Ca	0	0	1
223	UGgam	AC0154-Cb	0	0	1
277	UGgam	AC0155-Ca	0	0	1
278	UGgam	AC0155-Cb	0	0	1
279	UGgam	AC0156-Ca	0	0	1
280	UGgam	AC0156-Cb	0	0	1
281	UGgam	AC0157-Ca	0	0	1
282	UGgam	AC0157-Cb	0	0	1
283	UGgam	AC0158-Ca	0	0	1
188	UGgam	AC0158-Cb	0	0	1
284	UGgam	AC0159-Ca	0	0	1
285	UGgam	AC0159-Cb	0	0	1
286	UGgam	AC0160-Ca	0	0	1
287	UGgam	AC0160-Cb	0	0	1
282	UGgam	AC0161-Ca	0	0	1
288	UGgam	AC0161-Cb	0	0	1
223	UGgam	AC0162-Ca	0	0	1
289	UGgam	AC0162-Cb	0	0	1
290	UGgam	AC0163-Ca	0	0	1
194	UGgam	AC0163-Cb	0	0	1
291	UGgam	AC0164-Ca	0	0	1
292	UGgam	AC0164-Cb	0	0	1
223	UGgam	AC0166-Ca	0	0	1
293	UGgam	AC0166-Cb	0	0	1
294	UGgam	AC0167-Ca	0	0	1
295	UGgam	AC0167-Cb	0	0	1
220	UGgam	AC0168-Ca	0	0	1
296	UGgam	AC0168-Cb	0	0	1
297	UGgam	AC0169-Ca	0	0	1
210	UGgam	AC0169-Cb	0	0	1
234	UGgam	AC0170-Ca	0	0	1
298	UGgam	AC0170-Cb	0	0	1
299	UGgam	AC0171-Ca	0	0	1
300	UGgam	AC0171-Cb	0	0	1
301	UGgam	AC0172-Ca	0	0	1
282	UGgam	AC0172-Cb	0	0	1
176	UGgam	AC0173-Ca	0	0	1
284	UGgam	AC0173-Cb	0	0	1
302	UGgam	AC0174-Ca	0	0	1
220	UGgam	AC0174-Cb	0	0	1
303	UGgam	AC0176-Ca	0	0	1
304	UGgam	AC0176-Cb	0	0	1
305	UGgam	AC0177-Ca	0	0	1
223	UGgam	AC0177-Cb	0	0	1
174	UGgam	AC0178-Ca	0	0	1
306	UGgam	AC0178-Cb	0	0	1
307	UGgam	AC0179-Ca	0	0	1
213	UGgam	AC0179-Cb	0	0	1
308	UGgam	AC0180-Ca	0	0	1
213	UGgam	AC0180-Cb	0	0	1
309	UGgam	AC0181-Ca	0	0	1
310	UGgam	AC0181-Cb	0	0	1
311	UGgam	AC0182-Ca	0	0	1
213	UGgam	AC0182-Cb	0	0	1
312	UGgam	AC0183-Ca	0	0	1
191	UGgam	AC0183-Cb	0	0	1
313	UGgam	AC0184-Ca	0	0	1
314	UGgam	AC0184-Cb	0	0	1
191	UGgam	AC0185-Ca	0	0	1
315	UGgam	AC0185-Cb	0	0	1
169	UGgam	AC0186-Ca	0	0	1
284	UGgam	AC0186-Cb	0	0	1
223	UGgam	AC0187-Ca	0	0	1
316	UGgam	AC0187-Cb	0	0	1
317	UGgam	AC0188-Ca	0	0	1
318	UGgam	AC0188-Cb	0	0	1
319	UGgam	AC0189-Ca	0	0	1
210	UGgam	AC0189-Cb	0	0	1
320	UGgam	AC0190-Ca	0	0	1
321	UGgam	AC0190-Cb	0	0	1
322	UGgam	AC0191-Ca	0	0	1
323	UGgam	AC0191-Cb	0	0	1
324	UGgam	AC0192-Ca	0	0	1
325	UGgam	AC0192-Cb	0	0	1
282	UGgam	AC0193-Ca	0	0	1
326	UGgam	AC0193-Cb	0	0	1
327	UGgam	AC0194-Ca	0	0	1
328	UGgam	AC0194-Cb	0	0	1
329	UGgam	AC0195-Ca	0	0	1
194	UGgam	AC0195-Cb	0	0	1
330	UGgam	AC0196-Ca	0	0	1
331	UGgam	AC0196-Cb	0	0	1
332	UGgam	AC0197-Ca	0	0	1
333	UGgam	AC0197-Cb	0	0	1
167	UGgam	AC0199-Ca	0	0	1
334	UGgam	AC0199-Cb	0	0	1
188	UGgam	AC0200-Ca	0	0	1
335	UGgam	AC0200-Cb	0	0	1
336	UGgam	AC0201-Ca	0	0	1
190	UGgam	AC0201-Cb	0	0	1
194	UGgam	AC0202-Ca	0	0	1
337	UGgam	AC0202-Cb	0	0	1
338	UGgam	AC0203-Ca	0	0	1
52	UGgam	AC0203-Cb	0	0	1
339	GM	AG0082-Ca	0	0	0
340	GM	AG0082-Cb	0	0	0
341	GM	AG0085-Ca	0	0	0
342	GM	AG0085-Cb	0	0	0
343	GM	AG0089-Ca	0	0	0
344	GM	AG0089-Cb	0	0	0
342	GM	AG0096-Ca	0	0	0
342	GM	AG0096-Cb	0	0	0
345	GM	AG0097-Ca	0	0	0
346	GM	AG0097-Cb	0	0	0
347	GM	AG0098-Ca	0	0	0
342	GM	AG0098-Cb	0	0	0
348	GM	AG0100-Ca	0	0	0
4	GM	AG0100-Cb	1	0	0
348	GM	AG0102-Ca	0	0	0
341	GM	AG0102-Cb	0	0	0
342	GM	AG0104-Ca	0	0	0
349	GM	AG0104-Cb	0	0	0
342	GM	AG0106-Ca	0	0	0
347	GM	AG0106-Cb	0	0	0
350	GM	AG0108-Ca	0	0	0
342	GM	AG0108-Cb	0	0	0
351	GM	AG0109-Ca	0	0	0
352	GM	AG0109-Cb	0	0	0
353	GM	AG0111-Ca	0	0	0
354	GM	AG0111-Cb	0	0	0
355	GM	AG0118-Ca	0	0	0
356	GM	AG0118-Cb	0	0	0
357	GM	AG0120-Ca	0	0	0
352	GM	AG0120-Cb	0	0	0
358	GM	AG0121-Ca	0	0	0
342	GM	AG0121-Cb	0	0	0
357	GM	AG0123-Ca	0	0	0
359	GM	AG0123-Cb	0	0	0
359	GM	AG0125-Ca	0	0	0
360	GM	AG0125-Cb	0	0	0
347	GM	AG0126-Ca	0	0	0
342	GM	AG0126-Cb	0	0	0
361	GM	AG0127-Ca	0	0	0
345	GM	AG0127-Cb	0	0	0
347	GM	AG0128-Ca	0	0	0
362	GM	AG0128-Cb	0	0	0
363	GM	AG0129-Ca	0	0	0
342	GM	AG0129-Cb	0	0	0
364	GM	AG0133-Ca	0	0	0
341	GM	AG0133-Cb	0	0	0
347	GM	AG0134-Ca	0	0	0
365	GM	AG0134-Cb	0	0	0
345	GM	AG0136-Ca	0	0	0
4	GM	AG0136-Cb	1	0	0
342	GM	AG0137-Ca	0	0	0
343	GM	AG0137-Cb	0	0	0
366	GM	AG0138-Ca	0	0	0
367	GM	AG0138-Cb	0	0	0
360	GM	AG0139-Ca	0	0	0
364	GM	AG0139-Cb	0	0	0
342	GM	AG0141-Ca	0	0	0
364	GM	AG0141-Cb	0	0	0
342	GM	AG0142-Ca	0	0	0
365	GM	AG0142-Cb	0	0	0
348	GM	AG0143-Ca	0	0	0
359	GM	AG0143-Cb	0	0	0
368	GM	AG0144-Ca	0	0	0
354	GM	AG0144-Cb	0	0	0
369	GM	AG0145-Ca	0	0	0
342	GM	AG0145-Cb	0	0	0
352	GM	AG0146-Ca	0	0	0
343	GM	AG0146-Cb	0	0	0
370	GM	AG0147-Ca	0	0	0
352	GM	AG0147-Cb	0	0	0
342	GM	AG0148-Ca	0	0	0
343	GM	AG0148-Cb	0	0	0
343	GM	AG0152-Ca	0	0	0
371	GM	AG0152-Cb	0	0	0
343	GM	AG0153-Ca	0	0	0
341	GM	AG0153-Cb	0	0	0
342	GM	AG0156-Ca	0	0	0
342	GM	AG0156-Cb	0	0	0
341	GM	AG0159-Ca	0	0	0
348	GM	AG0159-Cb	0	0	0
363	GM	AG0162-Ca	0	0	0
342	GM	AG0162-Cb	0	0	0
345	GM	AG0163-Ca	0	0	0
359	GM	AG0163-Cb	0	0	0
4	GM	AG0169-Ca	1	1	0
356	GM	AG0169-Cb	0	0	0
342	GM	AG0170-Ca	0	0	0
357	GM	AG0170-Cb	0	0	0
372	GM	AG0172-Ca	0	0	0
347	GM	AG0172-Cb	0	0	0
352	GM	AG0178-Ca	0	0	0
373	GM	AG0178-Cb	0	0	0
374	GM	AG0179-Ca	0	0	0
375	GM	AG0179-Cb	0	0	0
347	GM	AG0181-Ca	0	0	0
356	GM	AG0181-Cb	0	0	0
356	GM	AG0183-Ca	0	0	0
342	GM	AG0183-Cb	0	0	0
376	GM	AG0195-Ca	0	0	0
342	GM	AG0195-Cb	0	0	0
4	GM	AG0197-Ca	1	0	0
342	GM	AG0197-Cb	0	0	0
341	GM	AG0202-Ca	0	0	0
342	GM	AG0202-Cb	0	0	0
377	GM	AG0203-Ca	0	0	0
357	GM	AG0203-Cb	0	0	0
357	GM	AG0204-Ca	0	0	0
341	GM	AG0204-Cb	0	0	0
364	GM	AG0206-Ca	0	0	0
347	GM	AG0206-Cb	0	0	0
357	GM	AG0208-Ca	0	0	0
373	GM	AG0208-Cb	0	0	0
345	GM	AG0214-Ca	0	0	0
357	GM	AG0214-Cb	0	0	0
346	GM	AG0221-Ca	0	0	0
361	GM	AG0221-Cb	0	0	0
352	GM	AG0223-Ca	0	0	0
339	GM	AG0223-Cb	0	0	0
345	GM	AG0227-Ca	0	0	0
352	GM	AG0227-Cb	0	0	0
372	GM	AG0229-Ca	0	0	0
347	GM	AG0229-Cb	0	0	0
341	GM	AG0230-Ca	0	0	0
364	GM	AG0230-Cb	0	0	0
361	GM	AG0231-Ca	0	0	0
373	GM	AG0231-Cb	0	0	0
344	GM	AG0232-Ca	0	0	0
378	GM	AG0232-Cb	0	0	0
341	GM	AG0263-Ca	0	0	0
364	GM	AG0263-Cb	0	0	0
379	GW	AJ0023-Ca	0	0	0
380	GW	AJ0023-Cb	0	0	0
381	GW	AJ0024-Ca	0	0	0
382	GW	AJ0024-Cb	0	0	0
383	GW	AJ0028-Ca	0	0	0
384	GW	AJ0028-Cb	0	0	0
343	GW	AJ0032-Ca	0	0	0
342	GW	AJ0032-Cb	0	0	0
370	GW	AJ0035-Ca	0	0	0
385	GW	AJ0035-Cb	0	0	0
386	GW	AJ0036-Ca	0	0	0
387	GW	AJ0036-Cb	0	0	0
371	GW	AJ0037-Ca	0	0	0
388	GW	AJ0037-Cb	0	0	0
389	GW	AJ0038-Ca	0	0	0
390	GW	AJ0038-Cb	0	0	0
372	GW	AJ0039-Ca	0	0	0
391	GW	AJ0039-Cb	0	0	0
352	GW	AJ0043-Ca	0	0	0
392	GW	AJ0043-Cb	0	0	0
356	GW	AJ0044-Ca	0	0	0
393	GW	AJ0044-Cb	0	0	0
371	GW	AJ0045-Ca	0	0	0
342	GW	AJ0045-Cb	0	0	0
394	GW	AJ0047-Ca	0	0	0
341	GW	AJ0047-Cb	0	0	0
378	GW	AJ0051-Ca	0	0	0
395	GW	AJ0051-Cb	0	0	0
396	GW	AJ0052-Ca	0	0	0
397	GW	AJ0052-Cb	0	0	0
398	GW	AJ0056-Ca	0	0	0
399	GW	AJ0056-Cb	0	0	0
400	GW	AJ0059-Ca	0	0	0
401	GW	AJ0059-Cb	0	0	0
402	GW	AJ0060-Ca	0	0	0
403	GW	AJ0060-Cb	0	0	0
404	GW	AJ0061-Ca	0	0	0
405	GW	AJ0061-Cb	0	0	0
406	GW	AJ0063-Ca	0	0	0
407	GW	AJ0063-Cb	0	0	0
372	GW	AJ0064-Ca	0	0	0
346	GW	AJ0064-Cb	0	0	0
408	GW	AJ0066-Ca	0	0	0
409	GW	AJ0066-Cb	0	0	0
341	GW	AJ0068-Ca	0	0	0
372	GW	AJ0068-Cb	0	0	0
410	GW	AJ0070-Ca	0	0	0
411	GW	AJ0070-Cb	0	0	0
412	GW	AJ0071-Ca	0	0	0
413	GW	AJ0071-Cb	0	0	0
414	GW	AJ0072-Ca	0	0	0
415	GW	AJ0072-Cb	0	0	0
416	GW	AJ0074-Ca	0	0	0
370	GW	AJ0074-Cb	0	0	0
417	GW	AJ0075-Ca	0	0	0
418	GW	AJ0075-Cb	0	0	0
419	GW	AJ0076-Ca	0	0	0
342	GW	AJ0076-Cb	0	0	0
420	GW	AJ0077-Ca	0	0	0
421	GW	AJ0077-Cb	0	0	0
422	GW	AJ0078-Ca	0	0	0
423	GW	AJ0078-Cb	0	0	0
385	GW	AJ0080-Ca	0	0	0
341	GW	AJ0080-Cb	0	0	0
356	GW	AJ0081-Ca	0	0	0
424	GW	AJ0081-Cb	0	0	0
425	GW	AJ0084-Ca	0	0	0
426	GW	AJ0084-Cb	0	0	0
427	GW	AJ0085-Ca	0	0	0
428	GW	AJ0085-Cb	0	0	0
429	GW	AJ0086-Ca	0	0	0
430	GW	AJ0086-Cb	0	0	0
431	GW	AJ0087-Ca	0	0	0
432	GW	AJ0087-Cb	0	0	0
433	GW	AJ0088-Ca	0	0	0
434	GW	AJ0088-Cb	0	0	0
342	GW	AJ0090-Ca	0	0	0
435	GW	AJ0090-Cb	0	0	0
372	GW	AJ0092-Ca	0	0	0
436	GW	AJ0092-Cb	0	0	0
370	GW	AJ0093-Ca	0	0	0
437	GW	AJ0093-Cb	0	0	0
438	GW	AJ0095-Ca	0	0	0
131	GW	AJ0095-Cb	0	0	0
439	GW	AJ0096-Ca	0	0	0
440	GW	AJ0096-Cb	0	0	0
441	GW	AJ0097-Ca	0	0	0
442	GW	AJ0097-Cb	0	0	0
443	GW	AJ0098-Ca	0	0	0
444	GW	AJ0098-Cb	0	0	0
445	GW	AJ0099-Ca	0	0	0
446	GW	AJ0099-Cb	0	0	0
447	GW	AJ0100-Ca	0	0	0
448	GW	AJ0100-Cb	0	0	0
449	GW	AJ0101-Ca	0	0	0
450	GW	AJ0101-Cb	0	0	0
451	GW	AJ0102-Ca	0	0	0
452	GW	AJ0102-Cb	0	0	0
356	GW	AJ0103-Ca	0	0	0
372	GW	AJ0103-Cb	0	0	0
453	GW	AJ0105-Ca	0	0	0
454	GW	AJ0105-Cb	0	0	0
455	GW	AJ0107-Ca	0	0	0
456	GW	AJ0107-Cb	0	0	0
457	GW	AJ0109-Ca	0	0	0
458	GW	AJ0109-Cb	0	0	0
402	GW	AJ0113-Ca	0	0	0
459	GW	AJ0113-Cb	0	0	0
402	GW	AJ0115-Ca	0	0	0
460	GW	AJ0115-Cb	0	0	0
461	GW	AJ0116-Ca	0	0	0
462	GW	AJ0116-Cb	0	0	0
361	GW	AJ0117-Ca	0	0	0
463	GW	AJ0117-Cb	0	0	0
464	GW	AJ0119-Ca	0	0	0
385	GW	AJ0119-Cb	0	0	0
465	GW	AJ0128-Ca	0	0	0
372	GW	AJ0128-Cb	0	0	0
370	GW	AJ0129-Ca	0	0	0
466	GW	AJ0129-Cb	0	0	0
467	GW	AJ0130-Ca	0	0	0
439	GW	AJ0130-Cb	0	0	0
468	GW	AJ0131-Ca	0	0	0
469	GW	AJ0131-Cb	0	0	0
470	GW	AJ0132-Ca	0	0	0
471	GW	AJ0132-Cb	0	0	0
387	GW	AJ0133-Ca	0	0	0
372	GW	AJ0133-Cb	0	0	0
362	GW	AJ0134-Ca	0	0	0
472	GW	AJ0134-Cb	0	0	0
473	GW	AJ0135-Ca	0	0	0
340	GW	AJ0135-Cb	0	0	0
474	GW	AJ0136-Ca	0	0	0
475	GW	AJ0136-Cb	0	0	0
476	GW	AJ0137-Ca	0	0	0
477	GW	AJ0137-Cb	0	0	0
352	GW	AJ0138-Ca	0	0	0
341	GW	AJ0138-Cb	0	0	0
478	GW	AJ0139-Ca	0	0	0
446	GW	AJ0139-Cb	0	0	0
479	GW	AJ0140-Ca	0	0	0
480	GW	AJ0140-Cb	0	0	0
481	GW	AJ0141-Ca	0	0	0
372	GW	AJ0141-Cb	0	0	0
482	GW	AJ0142-Ca	0	0	0
341	GW	AJ0142-Cb	0	0	0
483	GW	AJ0143-Ca	0	0	0
484	GW	AJ0143-Cb	0	0	0
485	GW	AJ0144-Ca	0	0	0
486	GW	AJ0144-Cb	0	0	0
352	GW	AJ0145-Ca	0	0	0
341	GW	AJ0145-Cb	0	0	0
452	GW	AJ0146-Ca	0	0	0
487	GW	AJ0146-Cb	0	0	0
342	GW	AJ0147-Ca	0	0	0
346	GW	AJ0147-Cb	0	0	0
488	GW	AJ0148-Ca	0	0	0
489	GW	AJ0148-Cb	0	0	0
490	GW	AJ0149-Ca	0	0	0
342	GW	AJ0149-Cb	0	0	0
371	GW	AJ0150-Ca	0	0	0
491	GW	AJ0150-Cb	0	0	0
492	GW	AJ0151-Ca	0	0	0
493	GW	AJ0151-Cb	0	0	0
494	GW	AJ0152-Ca	0	0	0
495	GW	AJ0152-Cb	0	0	0
496	GW	AJ0153-Ca	0	0	0
497	GW	AJ0153-Cb	0	0	0
342	GW	AJ0154-Ca	0	0	0
498	GW	AJ0154-Cb	0	0	0
499	GW	AJ0155-Ca	0	0	0
500	GW	AJ0155-Cb	0	0	0
495	GW	AJ0156-Ca	0	0	0
402	GW	AJ0156-Cb	0	0	0
501	GW	AJ0157-Ca	0	0	0
342	GW	AJ0157-Cb	0	0	0
348	GW	AJ0158-Ca	0	0	0
372	GW	AJ0158-Cb	0	0	0
502	GW	AJ0159-Ca	0	0	0
503	GW	AJ0159-Cb	0	0	0
504	GW	AJ0161-Ca	0	0	0
341	GW	AJ0161-Cb	0	0	0
505	KE	AK0060-Ca	0	0	1
505	KE	AK0060-Cb	0	0	0
506	KE	AK0062-Ca	0	0	1
506	KE	AK0062-Cb	0	0	1
507	KE	AK0065-Ca	0	0	1
507	KE	AK0065-Cb	0	0	0
507	KE	AK0066-Ca	0	0	1
507	KE	AK0066-Cb	0	0	1
505	KE	AK0067-Ca	0	0	1
505	KE	AK0067-Cb	0	0	1
505	KE	AK0068-Ca	0	0	1
507	KE	AK0068-Cb	0	0	1
505	KE	AK0069-Ca	0	0	1
505	KE	AK0069-Cb	0	0	0
507	KE	AK0070-Ca	0	0	1
507	KE	AK0070-Cb	0	0	1
279	KE	AK0072-Ca	0	0	0
505	KE	AK0072-Cb	0	0	1
506	KE	AK0073-Ca	0	0	1
507	KE	AK0073-Cb	0	0	0
506	KE	AK0074-Ca	0	0	1
507	KE	AK0074-Cb	0	0	0
505	KE	AK0075-Ca	0	0	1
507	KE	AK0075-Cb	0	0	0
506	KE	AK0076-Ca	0	0	0
507	KE	AK0076-Cb	0	0	0
507	KE	AK0077-Ca	0	0	1
505	KE	AK0077-Cb	0	0	0
505	KE	AK0078-Ca	0	0	1
506	KE	AK0078-Cb	0	0	1
507	KE	AK0079-Ca	0	0	0
505	KE	AK0079-Cb	0	0	0
507	KE	AK0080-Ca	0	0	1
506	KE	AK0080-Cb	0	0	0
505	KE	AK0081-Ca	0	0	1
506	KE	AK0081-Cb	0	0	1
506	KE	AK0082-Ca	0	0	1
279	KE	AK0082-Cb	0	0	0
505	KE	AK0085-Ca	0	0	1
507	KE	AK0085-Cb	0	0	1
507	KE	AK0086-Ca	0	0	1
505	KE	AK0086-Cb	0	0	1
507	KE	AK0087-Ca	0	0	1
507	KE	AK0087-Cb	0	0	1
507	KE	AK0088-Ca	0	0	1
506	KE	AK0088-Cb	0	0	1
507	KE	AK0089-Ca	0	0	1
507	KE	AK0089-Cb	0	0	1
506	KE	AK0090-Ca	0	0	1
507	KE	AK0090-Cb	0	0	1
506	KE	AK0091-Ca	0	0	1
507	KE	AK0091-Cb	0	0	1
507	KE	AK0092-Ca	0	0	1
505	KE	AK0092-Cb	0	0	1
507	KE	AK0093-Ca	0	0	1
507	KE	AK0093-Cb	0	0	1
507	KE	AK0094-Ca	0	0	1
279	KE	AK0094-Cb	0	0	1
506	KE	AK0095-Ca	0	0	1
507	KE	AK0095-Cb	0	0	1
507	KE	AK0096-Ca	0	0	1
507	KE	AK0096-Cb	0	0	1
507	KE	AK0098-Ca	0	0	1
507	KE	AK0098-Cb	0	0	1
507	KE	AK0099-Ca	0	0	0
279	KE	AK0099-Cb	0	0	0
279	KE	AK0100-Ca	0	0	1
505	KE	AK0100-Cb	0	0	0
507	KE	AK0101-Ca	0	0	1
507	KE	AK0101-Cb	0	0	1
507	KE	AK0102-Ca	0	0	1
505	KE	AK0102-Cb	0	0	1
506	KE	AK0103-Ca	0	0	0
505	KE	AK0103-Cb	0	0	1
505	KE	AK0104-Ca	0	0	1
507	KE	AK0104-Cb	0	0	1
505	KE	AK0105-Ca	0	0	1
505	KE	AK0105-Cb	0	0	1
505	KE	AK0106-Ca	0	0	1
505	KE	AK0106-Cb	0	0	1
505	KE	AK0107-Ca	0	0	1
505	KE	AK0107-Cb	0	0	0
506	KE	AK0108-Ca	0	0	1
507	KE	AK0108-Cb	0	0	1
279	KE	AK0109-Ca	0	0	0
507	KE	AK0109-Cb	0	0	0
507	KE	AK0110-Ca	0	0	1
507	KE	AK0110-Cb	0	0	1
507	KE	AK0116-Ca	0	0	1
507	KE	AK0116-Cb	0	0	1
505	KE	AK0117-Ca	0	0	1
508	KE	AK0117-Cb	0	0	1
507	KE	AK0119-Ca	0	0	0
505	KE	AK0119-Cb	0	0	0
507	KE	AK0127-Ca	0	0	1
507	KE	AK0127-Cb	0	0	1
509	CMgam	AN0007-Ca	0	0	1
510	CMgam	AN0007-Cb	0	0	2
511	CMgam	AN0008-Ca	0	0	2
512	CMgam	AN0008-Cb	0	0	0
4	CMgam	AN0009-Ca	1	1	2
4	CMgam	AN0009-Cb	1	1	0
4	CMgam	AN0010-Ca	1	1	2
513	CMgam	AN0010-Cb	0	0	2
514	CMgam	AN0011-Ca	0	0	2
515	CMgam	AN0011-Cb	0	0	0
498	CMgam	AN0012-Ca	0	0	2
516	CMgam	AN0012-Cb	0	0	0
517	CMgam	AN0013-Ca	0	0	2
518	CMgam	AN0013-Cb	0	0	2
519	CMgam	AN0014-Ca	0	0	2
520	CMgam	AN0014-Cb	0	0	0
516	CMgam	AN0015-Ca	0	0	0
4	CMgam	AN0015-Cb	1	1	0
521	CMgam	AN0016-Ca	0	0	2
522	CMgam	AN0016-Cb	0	0	0
4	CMgam	AN0017-Ca	1	1	2
523	CMgam	AN0017-Cb	0	0	2
524	CMgam	AN0018-Ca	0	0	2
4	CMgam	AN0018-Cb	1	1	2
285	CMgam	AN0019-Ca	0	0	2
4	CMgam	AN0019-Cb	1	1	2
4	CMgam	AN0020-Ca	1	1	0
498	CMgam	AN0020-Cb	0	0	1
525	CMgam	AN0022-Ca	0	0	2
4	CMgam	AN0022-Cb	1	1	2
526	CMgam	AN0023-Ca	0	0	2
527	CMgam	AN0023-Cb	0	0	2
528	CMgam	AN0024-Ca	0	0	2
529	CMgam	AN0024-Cb	0	0	2
530	CMgam	AN0025-Ca	0	0	0
237	CMgam	AN0025-Cb	0	0	2
531	CMgam	AN0026-Ca	0	0	2
4	CMgam	AN0026-Cb	1	1	2
532	CMgam	AN0027-Ca	0	0	2
4	CMgam	AN0027-Cb	1	1	2
520	CMgam	AN0028-Ca	0	0	2
533	CMgam	AN0028-Cb	0	0	2
534	CMgam	AN0029-Ca	0	0	2
535	CMgam	AN0029-Cb	0	0	0
536	CMgam	AN0030-Ca	0	0	1
537	CMgam	AN0030-Cb	0	0	1
4	CMgam	AN0031-Ca	1	1	2
538	CMgam	AN0031-Cb	0	0	1
539	CMgam	AN0032-Ca	0	0	2
540	CMgam	AN0032-Cb	0	0	2
541	CMgam	AN0033-Ca	0	0	2
542	CMgam	AN0033-Cb	0	0	2
4	CMgam	AN0034-Ca	1	1	2
543	CMgam	AN0034-Cb	0	0	0
76	CMgam	AN0035-Ca	0	0	2
544	CMgam	AN0035-Cb	0	0	2
545	CMgam	AN0036-Ca	0	0	2
4	CMgam	AN0036-Cb	1	1	2
4	CMgam	AN0037-Ca	1	1	2
546	CMgam	AN0037-Cb	0	0	2
547	CMgam	AN0038-Ca	0	0	2
548	CMgam	AN0038-Cb	0	0	2
280	CMgam	AN0039-Ca	0	0	0
549	CMgam	AN0039-Cb	0	0	2
550	CMgam	AN0040-Ca	0	0	0
551	CMgam	AN0040-Cb	0	0	1
552	CMgam	AN0041-Ca	0	0	2
553	CMgam	AN0041-Cb	0	0	2
554	CMgam	AN0042-Ca	0	0	0
29	CMgam	AN0042-Cb	0	0	0
555	CMgam	AN0043-Ca	0	0	2
4	CMgam	AN0043-Cb	1	1	1
556	CMgam	AN0044-Ca	0	0	2
557	CMgam	AN0044-Cb	0	0	2
558	CMgam	AN0045-Ca	0	0	0
559	CMgam	AN0045-Cb	0	0	2
560	CMgam	AN0046-Ca	0	0	1
4	CMgam	AN0046-Cb	1	1	2
4	CMgam	AN0047-Ca	1	1	1
4	CMgam	AN0047-Cb	1	1	1
561	CMgam	AN0048-Ca	0	0	1
131	CMgam	AN0048-Cb	0	0	2
562	CMgam	AN0049-Ca	0	0	2
563	CMgam	AN0049-Cb	0	0	2
564	CMgam	AN0050-Ca	0	0	2
565	CMgam	AN0050-Cb	0	0	0
4	CMgam	AN0051-Ca	1	1	0
4	CMgam	AN0051-Cb	1	1	1
566	CMgam	AN0053-Ca	0	0	2
4	CMgam	AN0053-Cb	1	1	2
4	CMgam	AN0054-Ca	1	1	2
567	CMgam	AN0054-Cb	0	0	2
568	CMgam	AN0055-Ca	0	0	1
4	CMgam	AN0055-Cb	1	1	0
559	CMgam	AN0056-Ca	0	0	2
569	CMgam	AN0056-Cb	0	0	2
570	CMgam	AN0057-Ca	0	0	0
571	CMgam	AN0057-Cb	0	0	0
4	CMgam	AN0058-Ca	1	1	2
4	CMgam	AN0058-Cb	1	1	0
572	CMgam	AN0059-Ca	0	0	2
573	CMgam	AN0059-Cb	0	0	2
4	CMgam	AN0060-Ca	1	1	2
574	CMgam	AN0060-Cb	0	0	2
575	CMgam	AN0061-Ca	0	0	2
576	CMgam	AN0061-Cb	0	0	2
577	CMgam	AN0062-Ca	0	0	1
4	CMgam	AN0062-Cb	1	1	2
4	CMgam	AN0063-Ca	1	1	0
4	CMgam	AN0063-Cb	1	1	0
4	CMgam	AN0064-Ca	1	1	0
578	CMgam	AN0064-Cb	0	0	2
129	CMgam	AN0065-Ca	0	0	2
579	CMgam	AN0065-Cb	0	0	0
4	CMgam	AN0066-Ca	1	1	0
4	CMgam	AN0066-Cb	1	1	0
50	CMgam	AN0067-Ca	0	0	0
580	CMgam	AN0067-Cb	0	0	2
581	CMgam	AN0068-Ca	0	0	0
582	CMgam	AN0068-Cb	0	0	2
194	CMgam	AN0069-Ca	0	0	0
4	CMgam	AN0069-Cb	1	1	0
4	CMgam	AN0070-Ca	1	1	0
583	CMgam	AN0070-Cb	0	0	0
584	CMgam	AN0071-Ca	0	0	0
4	CMgam	AN0071-Cb	1	1	0
541	CMgam	AN0072-Ca	0	0	2
4	CMgam	AN0072-Cb	1	1	1
521	CMgam	AN0073-Ca	0	0	2
585	CMgam	AN0073-Cb	0	0	0
4	CMgam	AN0074-Ca	1	1	0
4	CMgam	AN0074-Cb	1	1	2
586	CMgam	AN0075-Ca	0	0	2
541	CMgam	AN0075-Cb	0	0	2
587	CMgam	AN0076-Ca	0	0	2
588	CMgam	AN0076-Cb	0	0	0
589	CMgam	AN0077-Ca	0	0	0
590	CMgam	AN0077-Cb	0	0	0
591	CMgam	AN0079-Ca	0	0	0
586	CMgam	AN0079-Cb	0	0	0
4	CMgam	AN0080-Ca	1	1	2
592	CMgam	AN0080-Cb	0	0	0
593	CMgam	AN0081-Ca	0	0	0
4	CMgam	AN0081-Cb	1	1	0
4	CMgam	AN0082-Ca	1	1	2
594	CMgam	AN0082-Cb	0	0	0
595	CMgam	AN0083-Ca	0	0	2
596	CMgam	AN0083-Cb	0	0	0
263	CMgam	AN0084-Ca	0	0	0
264	CMgam	AN0084-Cb	0	0	0
4	CMgam	AN0085-Ca	1	1	2
597	CMgam	AN0085-Cb	0	0	1
4	CMgam	AN0086-Ca	1	1	0
598	CMgam	AN0086-Cb	0	0	2
599	CMgam	AN0087-Ca	0	0	0
4	CMgam	AN0087-Cb	1	1	0
542	CMgam	AN0088-Ca	0	0	2
237	CMgam	AN0088-Cb	0	0	2
600	CMgam	AN0089-Ca	0	0	1
601	CMgam	AN0089-Cb	0	0	1
602	CMgam	AN0090-Ca	0	0	2
603	CMgam	AN0090-Cb	0	0	0
4	CMgam	AN0091-Ca	1	1	2
604	CMgam	AN0091-Cb	0	0	1
131	CMgam	AN0092-Ca	0	0	2
605	CMgam	AN0092-Cb	0	0	1
4	CMgam	AN0093-Ca	1	1	1
606	CMgam	AN0093-Cb	0	0	1
607	CMgam	AN0094-Ca	0	0	0
4	CMgam	AN0094-Cb	1	1	0
545	CMgam	AN0095-Ca	0	0	1
4	CMgam	AN0095-Cb	1	1	2
608	CMgam	AN0096-Ca	0	0	1
4	CMgam	AN0096-Cb	1	1	1
609	CMgam	AN0097-Ca	0	0	1
610	CMgam	AN0097-Cb	0	0	0
611	CMgam	AN0098-Ca	0	0	2
4	CMgam	AN0098-Cb	1	1	2
612	CMgam	AN0099-Ca	0	0	0
4	CMgam	AN0099-Cb	1	1	2
613	CMgam	AN0100-Ca	0	0	0
614	CMgam	AN0100-Cb	0	0	2
615	CMgam	AN0101-Ca	0	0	2
616	CMgam	AN0101-Cb	0	0	2
617	CMgam	AN0102-Ca	0	0	2
4	CMgam	AN0102-Cb	1	1	0
4	CMgam	AN0103-Ca	1	1	2
618	CMgam	AN0103-Cb	0	0	1
619	CMgam	AN0104-Ca	0	0	2
620	CMgam	AN0104-Cb	0	0	0
542	CMgam	AN0105-Ca	0	0	2
621	CMgam	AN0105-Cb	0	0	0
4	CMgam	AN0106-Ca	1	1	2
622	CMgam	AN0106-Cb	0	0	2
188	CMgam	AN0107-Ca	0	0	1
597	CMgam	AN0107-Cb	0	0	2
4	CMgam	AN0108-Ca	1	1	0
623	CMgam	AN0108-Cb	0	0	2
624	CMgam	AN0109-Ca	0	0	2
625	CMgam	AN0109-Cb	0	0	2
545	CMgam	AN0111-Ca	0	0	2
626	CMgam	AN0111-Cb	0	0	2
627	CMgam	AN0112-Ca	0	0	0
628	CMgam	AN0112-Cb	0	0	0
629	CMgam	AN0113-Ca	0	0	0
630	CMgam	AN0113-Cb	0	0	2
631	CMgam	AN0114-Ca	0	0	2
632	CMgam	AN0114-Cb	0	0	1
4	CMgam	AN0115-Ca	1	1	0
633	CMgam	AN0115-Cb	0	0	0
634	CMgam	AN0117-Ca	0	0	2
635	CMgam	AN0117-Cb	0	0	0
4	CMgam	AN0118-Ca	1	1	2
636	CMgam	AN0118-Cb	0	0	1
637	CMgam	AN0119-Ca	0	0	0
638	CMgam	AN0119-Cb	0	0	2
4	CMgam	AN0120-Ca	1	1	2
4	CMgam	AN0120-Cb	1	1	0
93	CMgam	AN0121-Ca	0	0	2
4	CMgam	AN0121-Cb	1	1	0
639	CMgam	AN0122-Ca	0	0	1
640	CMgam	AN0122-Cb	0	0	2
4	CMgam	AN0123-Ca	1	1	2
641	CMgam	AN0123-Cb	0	0	0
4	CMgam	AN0124-Ca	1	1	2
4	CMgam	AN0124-Cb	1	1	2
515	CMgam	AN0125-Ca	0	0	0
642	CMgam	AN0125-Cb	0	0	2
596	CMgam	AN0126-Ca	0	0	0
515	CMgam	AN0126-Cb	0	0	0
4	CMgam	AN0127-Ca	1	1	2
643	CMgam	AN0127-Cb	0	0	2
4	CMgam	AN0128-Ca	1	1	2
4	CMgam	AN0128-Cb	1	1	2
4	CMgam	AN0129-Ca	1	1	0
4	CMgam	AN0129-Cb	1	1	2
553	CMgam	AN0130-Ca	0	0	2
644	CMgam	AN0130-Cb	0	0	1
586	CMgam	AN0131-Ca	0	0	1
645	CMgam	AN0131-Cb	0	0	2
646	CMgam	AN0132-Ca	0	0	0
520	CMgam	AN0132-Cb	0	0	2
4	CMgam	AN0134-Ca	1	1	0
647	CMgam	AN0134-Cb	0	0	2
4	CMgam	AN0135-Ca	1	1	0
648	CMgam	AN0135-Cb	0	0	0
649	CMgam	AN0136-Ca	0	0	0
650	CMgam	AN0136-Cb	0	0	2
576	CMgam	AN0137-Ca	0	0	0
641	CMgam	AN0137-Cb	0	0	2
651	CMgam	AN0138-Ca	0	0	1
652	CMgam	AN0138-Cb	0	0	0
515	CMgam	AN0139-Ca	0	0	2
4	CMgam	AN0139-Cb	1	1	2
4	CMgam	AN0140-Ca	1	1	2
4	CMgam	AN0140-Cb	1	1	1
4	CMgam	AN0141-Ca	1	1	1
653	CMgam	AN0141-Cb	0	0	2
4	CMgam	AN0142-Ca	1	1	2
599	CMgam	AN0142-Cb	0	0	1
4	CMgam	AN0143-Ca	1	1	2
4	CMgam	AN0143-Cb	1	1	0
649	CMgam	AN0144-Ca	0	0	0
596	CMgam	AN0144-Cb	0	0	1
654	CMgam	AN0147-Ca	0	0	0
655	CMgam	AN0147-Cb	0	0	0
656	CMgam	AN0149-Ca	0	0	0
509	CMgam	AN0149-Cb	0	0	2
657	CMgam	AN0151-Ca	0	0	2
516	CMgam	AN0151-Cb	0	0	2
515	CMgam	AN0152-Ca	0	0	0
596	CMgam	AN0152-Cb	0	0	2
4	CMgam	AN0153-Ca	1	1	1
658	CMgam	AN0153-Cb	0	0	0
515	CMgam	AN0154-Ca	0	0	0
512	CMgam	AN0154-Cb	0	0	0
4	CMgam	AN0155-Ca	1	1	1
520	CMgam	AN0155-Cb	0	0	2
659	CMgam	AN0156-Ca	0	0	1
4	CMgam	AN0156-Cb	1	1	2
660	CMgam	AN0157-Ca	0	0	0
596	CMgam	AN0157-Cb	0	0	2
599	CMgam	AN0158-Ca	0	0	1
661	CMgam	AN0158-Cb	0	0	0
285	CMgam	AN0159-Ca	0	0	1
662	CMgam	AN0159-Cb	0	0	0
4	CMgam	AN0160-Ca	1	1	1
640	CMgam	AN0160-Cb	0	0	2
663	CMgam	AN0162-Ca	0	0	1
4	CMgam	AN0162-Cb	1	1	0
597	CMgam	AN0163-Ca	0	0	2
513	CMgam	AN0163-Cb	0	0	2
4	CMgam	AN0164-Ca	1	1	2
645	CMgam	AN0164-Cb	0	0	2
4	CMgam	AN0165-Ca	1	1	2
651	CMgam	AN0165-Cb	0	0	2
664	CMgam	AN0166-Ca	0	0	0
520	CMgam	AN0166-Cb	0	0	1
665	CMgam	AN0167-Ca	0	0	0
4	CMgam	AN0167-Cb	1	1	2
662	CMgam	AN0168-Ca	0	0	2
4	CMgam	AN0168-Cb	1	1	2
498	CMgam	AN0169-Ca	0	0	1
640	CMgam	AN0169-Cb	0	0	0
4	CMgam	AN0170-Ca	1	1	1
651	CMgam	AN0170-Cb	0	0	0
666	CMgam	AN0171-Ca	0	0	2
667	CMgam	AN0171-Cb	0	0	2
498	CMgam	AN0172-Ca	0	0	0
668	CMgam	AN0172-Cb	0	0	2
511	CMgam	AN0173-Ca	0	0	2
669	CMgam	AN0173-Cb	0	0	1
596	CMgam	AN0174-Ca	0	0	1
670	CMgam	AN0174-Cb	0	0	0
4	CMgam	AN0175-Ca	1	1	1
4	CMgam	AN0175-Cb	1	1	0
4	CMgam	AN0176-Ca	1	1	2
4	CMgam	AN0176-Cb	1	1	0
4	CMgam	AN0177-Ca	1	1	2
665	CMgam	AN0177-Cb	0	0	0
639	CMgam	AN0178-Ca	0	0	1
596	CMgam	AN0178-Cb	0	0	2
671	CMgam	AN0179-Ca	0	0	2
672	CMgam	AN0179-Cb	0	0	2
515	CMgam	AN0180-Ca	0	0	0
4	CMgam	AN0180-Cb	1	1	1
641	CMgam	AN0181-Ca	0	0	2
4	CMgam	AN0181-Cb	1	1	0
673	CMgam	AN0182-Ca	0	0	2
674	CMgam	AN0182-Cb	0	0	1
663	CMgam	AN0183-Ca	0	0	0
651	CMgam	AN0183-Cb	0	0	0
664	CMgam	AN0184-Ca	0	0	2
4	CMgam	AN0184-Cb	1	1	1
515	CMgam	AN0185-Ca	0	0	0
651	CMgam	AN0185-Cb	0	0	0
516	CMgam	AN0186-Ca	0	0	1
510	CMgam	AN0186-Cb	0	0	0
4	CMgam	AN0187-Ca	1	1	2
675	CMgam	AN0187-Cb	0	0	2
676	CMgam	AN0188-Ca	0	0	0
515	CMgam	AN0188-Cb	0	0	2
4	CMgam	AN0189-Ca	1	1	2
4	CMgam	AN0189-Cb	1	1	0
511	CMgam	AN0190-Ca	0	0	2
647	CMgam	AN0190-Cb	0	0	0
677	CMgam	AN0191-Ca	0	0	0
586	CMgam	AN0191-Cb	0	0	2
498	CMgam	AN0192-Ca	0	0	2
662	CMgam	AN0192-Cb	0	0	1
512	CMgam	AN0193-Ca	0	0	2
4	CMgam	AN0193-Cb	1	1	0
651	CMgam	AN0194-Ca	0	0	0
515	CMgam	AN0194-Cb	0	0	2
509	CMgam	AN0196-Ca	0	0	2
674	CMgam	AN0196-Cb	0	0	1
4	CMgam	AN0197-Ca	1	1	2
4	CMgam	AN0197-Cb	1	1	0
4	CMgam	AN0198-Ca	1	1	0
4	CMgam	AN0198-Cb	1	1	0
4	CMgam	AN0199-Ca	1	1	2
651	CMgam	AN0199-Cb	0	0	2
665	CMgam	AN0200-Ca	0	0	2
678	CMgam	AN0200-Cb	0	0	2
645	CMgam	AN0201-Ca	0	0	2
4	CMgam	AN0201-Cb	1	1	2
651	CMgam	AN0202-Ca	0	0	0
622	CMgam	AN0202-Cb	0	0	2
4	CMgam	AN0203-Ca	1	1	2
4	CMgam	AN0203-Cb	1	1	0
679	CMgam	AN0204-Ca	0	0	2
680	CMgam	AN0204-Cb	0	0	0
4	CMgam	AN0205-Ca	1	1	2
649	CMgam	AN0205-Cb	0	0	0
224	CMgam	AN0206-Ca	0	0	0
4	CMgam	AN0206-Cb	1	1	0
677	CMgam	AN0207-Ca	0	0	2
4	CMgam	AN0207-Cb	1	1	2
596	CMgam	AN0208-Ca	0	0	1
651	CMgam	AN0208-Cb	0	0	0
674	CMgam	AN0209-Ca	0	0	1
597	CMgam	AN0209-Cb	0	0	2
681	CMgam	AN0210-Ca	0	0	2
4	CMgam	AN0210-Cb	1	1	0
682	CMgam	AN0212-Ca	0	0	2
683	CMgam	AN0212-Cb	0	0	0
684	CMgam	AN0213-Ca	0	0	2
685	CMgam	AN0213-Cb	0	0	0
686	CMgam	AN0214-Ca	0	0	1
653	CMgam	AN0214-Cb	0	0	1
4	CMgam	AN0215-Ca	1	1	1
687	CMgam	AN0215-Cb	0	0	2
660	CMgam	AN0217-Ca	0	0	2
596	CMgam	AN0217-Cb	0	0	0
688	CMgam	AN0218-Ca	0	0	0
689	CMgam	AN0218-Cb	0	0	2
4	CMgam	AN0219-Ca	1	1	2
4	CMgam	AN0219-Cb	1	1	2
690	CMgam	AN0220-Ca	0	0	2
691	CMgam	AN0220-Cb	0	0	0
4	CMgam	AN0221-Ca	1	1	1
692	CMgam	AN0221-Cb	0	0	2
571	CMgam	AN0222-Ca	0	0	2
693	CMgam	AN0222-Cb	0	0	2
4	CMgam	AN0223-Ca	1	1	1
608	CMgam	AN0223-Cb	0	0	2
4	CMgam	AN0224-Ca	1	1	2
694	CMgam	AN0224-Cb	0	0	0
4	CMgam	AN0225-Ca	1	1	2
4	CMgam	AN0225-Cb	1	1	2
695	CMgam	AN0226-Ca	0	0	2
498	CMgam	AN0226-Cb	0	0	2
696	CMgam	AN0227-Ca	0	0	2
542	CMgam	AN0227-Cb	0	0	1
697	CMgam	AN0228-Ca	0	0	2
4	CMgam	AN0228-Cb	1	1	2
698	CMgam	AN0229-Ca	0	0	2
498	CMgam	AN0229-Cb	0	0	2
699	CMgam	AN0230-Ca	0	0	1
4	CMgam	AN0230-Cb	1	1	1
521	CMgam	AN0231-Ca	0	0	2
700	CMgam	AN0231-Cb	0	0	2
4	CMgam	AN0232-Ca	1	1	0
312	CMgam	AN0232-Cb	0	0	1
701	CMgam	AN0233-Ca	0	0	2
702	CMgam	AN0233-Cb	0	0	2
703	CMgam	AN0234-Ca	0	0	1
704	CMgam	AN0234-Cb	0	0	0
692	CMgam	AN0235-Ca	0	0	2
597	CMgam	AN0235-Cb	0	0	1
4	CMgam	AN0236-Ca	1	1	2
4	CMgam	AN0236-Cb	1	1	0
705	CMgam	AN0237-Ca	0	0	0
4	CMgam	AN0237-Cb	1	1	0
43	CMgam	AN0238-Ca	0	0	0
706	CMgam	AN0238-Cb	0	0	1
609	CMgam	AN0239-Ca	0	0	0
707	CMgam	AN0239-Cb	0	0	2
76	CMgam	AN0240-Ca	0	0	2
4	CMgam	AN0240-Cb	1	1	2
4	CMgam	AN0241-Ca	1	1	0
708	CMgam	AN0241-Cb	0	0	0
4	CMgam	AN0242-Ca	1	1	2
4	CMgam	AN0242-Cb	1	1	2
709	CMgam	AN0243-Ca	0	0	2
710	CMgam	AN0243-Cb	0	0	2
4	CMgam	AN0244-Ca	1	1	2
711	CMgam	AN0244-Cb	0	0	1
666	CMgam	AN0245-Ca	0	0	2
538	CMgam	AN0245-Cb	0	0	1
668	CMgam	AN0246-Ca	0	0	1
568	CMgam	AN0246-Cb	0	0	2
712	CMgam	AN0247-Ca	0	0	1
4	CMgam	AN0247-Cb	1	1	2
4	CMgam	AN0248-Ca	1	1	2
131	CMgam	AN0248-Cb	0	0	2
713	CMgam	AN0250-Ca	0	0	0
4	CMgam	AN0250-Cb	1	1	0
237	CMgam	AN0251-Ca	0	0	0
4	CMgam	AN0251-Cb	1	1	2
4	CMgam	AN0252-Ca	1	1	2
4	CMgam	AN0252-Cb	1	1	2
714	CMgam	AN0253-Ca	0	0	2
715	CMgam	AN0253-Cb	0	0	0
716	CMgam	AN0254-Ca	0	0	2
4	CMgam	AN0254-Cb	1	1	1
717	CMgam	AN0255-Ca	0	0	0
718	CMgam	AN0255-Cb	0	0	0
719	CMgam	AN0256-Ca	0	0	2
720	CMgam	AN0256-Cb	0	0	2
4	CMgam	AN0258-Ca	1	1	0
721	CMgam	AN0258-Cb	0	0	1
4	CMgam	AN0259-Ca	1	1	2
720	CMgam	AN0259-Cb	0	0	2
722	CMgam	AN0260-Ca	0	0	2
723	CMgam	AN0260-Cb	0	0	0
724	CMgam	AN0261-Ca	0	0	0
662	CMgam	AN0261-Cb	0	0	2
725	CMgam	AN0262-Ca	0	0	2
662	CMgam	AN0262-Cb	0	0	2
695	CMgam	AN0263-Ca	0	0	2
597	CMgam	AN0263-Cb	0	0	2
634	CMgam	AN0264-Ca	0	0	2
693	CMgam	AN0264-Cb	0	0	2
542	CMgam	AN0265-Ca	0	0	2
4	CMgam	AN0265-Cb	1	1	2
4	CMgam	AN0266-Ca	1	1	2
726	CMgam	AN0266-Cb	0	0	1
720	CMgam	AN0267-Ca	0	0	0
727	CMgam	AN0267-Cb	0	0	2
720	CMgam	AN0268-Ca	0	0	2
4	CMgam	AN0268-Cb	1	1	2
558	CMgam	AN0269-Ca	0	0	1
131	CMgam	AN0269-Cb	0	0	2
597	CMgam	AN0270-Ca	0	0	2
728	CMgam	AN0270-Cb	0	0	2
729	CMgam	AN0271-Ca	0	0	2
4	CMgam	AN0271-Cb	1	1	2
730	CMgam	AN0272-Ca	0	0	0
731	CMgam	AN0272-Cb	0	0	0
732	CMgam	AN0275-Ca	0	0	1
733	CMgam	AN0275-Cb	0	0	2
4	CMgam	AN0276-Ca	1	1	2
734	CMgam	AN0276-Cb	0	0	2
597	CMgam	AN0277-Ca	0	0	2
4	CMgam	AN0277-Cb	1	1	1
220	CMgam	AN0278-Ca	0	0	0
4	CMgam	AN0278-Cb	1	1	2
735	CMgam	AN0279-Ca	0	0	0
4	CMgam	AN0279-Cb	1	1	0
4	CMgam	AN0280-Ca	1	1	0
4	CMgam	AN0280-Cb	1	1	0
736	CMgam	AN0281-Ca	0	0	0
737	CMgam	AN0281-Cb	0	0	0
4	CMgam	AN0282-Ca	1	1	0
4	CMgam	AN0282-Cb	1	1	0
4	CMgam	AN0283-Ca	1	1	2
4	CMgam	AN0283-Cb	1	1	2
738	CMgam	AN0284-Ca	0	0	2
739	CMgam	AN0284-Cb	0	0	2
724	CMgam	AN0285-Ca	0	0	2
4	CMgam	AN0285-Cb	1	1	0
4	CMgam	AN0286-Ca	1	1	2
740	CMgam	AN0286-Cb	0	0	2
4	CMgam	AN0287-Ca	1	1	2
727	CMgam	AN0287-Cb	0	0	0
741	CMgam	AN0288-Ca	0	0	0
668	CMgam	AN0288-Cb	0	0	2
742	CMgam	AN0289-Ca	0	0	1
743	CMgam	AN0289-Cb	0	0	0
4	CMgam	AN0290-Ca	1	1	0
744	CMgam	AN0290-Cb	0	0	0
4	CMgam	AN0291-Ca	1	1	0
559	CMgam	AN0291-Cb	0	0	0
521	CMgam	AN0292-Ca	0	0	1
520	CMgam	AN0292-Cb	0	0	0
745	CMgam	AN0293-Ca	0	0	0
746	CMgam	AN0293-Cb	0	0	0
596	CMgam	AN0294-Ca	0	0	2
223	CMgam	AN0294-Cb	0	0	2
747	CMgam	AN0295-Ca	0	0	1
4	CMgam	AN0295-Cb	1	1	2
748	CMgam	AN0296-Ca	0	0	1
4	CMgam	AN0296-Cb	1	1	2
4	CMgam	AN0297-Ca	1	1	2
4	CMgam	AN0297-Cb	1	1	1
597	CMgam	AN0298-Ca	0	0	2
4	CMgam	AN0298-Cb	1	1	2
559	CMgam	AN0299-Ca	0	0	1
4	CMgam	AN0299-Cb	1	1	0
597	CMgam	AN0300-Ca	0	0	2
4	CMgam	AN0300-Cb	1	1	2
749	CMgam	AN0301-Ca	0	0	1
750	CMgam	AN0301-Cb	0	0	2
4	CMgam	AN0302-Ca	1	1	2
498	CMgam	AN0302-Cb	0	0	2
4	CMgam	AN0303-Ca	1	1	2
751	CMgam	AN0303-Cb	0	0	2
597	CMgam	AN0304-Ca	0	0	2
4	CMgam	AN0304-Cb	1	1	2
661	CMgam	AN0305-Ca	0	0	2
720	CMgam	AN0305-Cb	0	0	0
4	CMgam	AN0306-Ca	1	1	1
568	CMgam	AN0306-Cb	0	0	0
752	CMgam	AN0307-Ca	0	0	2
753	CMgam	AN0307-Cb	0	0	2
754	CMgam	AN0308-Ca	0	0	0
755	CMgam	AN0308-Cb	0	0	2
756	CMgam	AN0309-Ca	0	0	0
4	CMgam	AN0309-Cb	1	1	0
740	CMgam	AN0310-Ca	0	0	2
4	CMgam	AN0310-Cb	1	1	2
4	CMgam	AN0311-Ca	1	1	2
4	CMgam	AN0311-Cb	1	1	2
666	CMgam	AN0312-Ca	0	0	1
757	CMgam	AN0312-Cb	0	0	0
131	CMgam	AN0313-Ca	0	0	2
4	CMgam	AN0313-Cb	1	1	2
662	CMgam	AN0314-Ca	0	0	2
644	CMgam	AN0314-Cb	0	0	2
758	CMgam	AN0315-Ca	0	0	0
4	CMgam	AN0315-Cb	1	1	2
4	CMgam	AN0316-Ca	1	1	2
759	CMgam	AN0316-Cb	0	0	1
760	CMgam	AN0317-Ca	0	0	2
634	CMgam	AN0317-Cb	0	0	2
576	CMgam	AN0318-Ca	0	0	1
649	CMgam	AN0318-Cb	0	0	0
761	CMgam	AN0319-Ca	0	0	2
4	CMgam	AN0319-Cb	1	1	2
762	CMgam	AN0320-Ca	0	0	2
4	CMgam	AN0320-Cb	1	1	0
4	CMgam	AN0321-Ca	1	1	2
4	CMgam	AN0321-Cb	1	1	0
763	FRgam	AP0002-Ca	0	0	0
763	FRgam	AP0002-Cb	0	0	0
763	FRgam	AP0005-Ca	0	0	0
763	FRgam	AP0005-Cb	0	0	0
763	FRgam	AP0006-Ca	0	0	0
764	FRgam	AP0006-Cb	0	0	0
763	FRgam	AP0007-Ca	0	0	0
764	FRgam	AP0007-Cb	0	0	0
763	FRgam	AP0008-Ca	0	0	0
764	FRgam	AP0008-Cb	0	0	0
764	FRgam	AP0009-Ca	0	0	0
764	FRgam	AP0009-Cb	0	0	0
763	FRgam	AP0010-Ca	0	0	0
763	FRgam	AP0010-Cb	0	0	0
764	FRgam	AP0011-Ca	0	0	0
765	FRgam	AP0011-Cb	0	0	0
763	FRgam	AP0014-Ca	0	0	0
763	FRgam	AP0014-Cb	0	0	0
763	FRgam	AP0017-Ca	0	0	0
765	FRgam	AP0017-Cb	0	0	0
766	FRgam	AP0018-Ca	0	0	0
767	FRgam	AP0018-Cb	0	0	0
763	FRgam	AP0019-Ca	0	0	0
768	FRgam	AP0019-Cb	0	0	0
763	FRgam	AP0020-Ca	0	0	0
763	FRgam	AP0020-Cb	0	0	0
768	FRgam	AP0021-Ca	0	0	0
763	FRgam	AP0021-Cb	0	0	0
764	FRgam	AP0022-Ca	0	0	0
764	FRgam	AP0022-Cb	0	0	0
763	FRgam	AP0023-Ca	0	0	0
763	FRgam	AP0023-Cb	0	0	0
763	FRgam	AP0024-Ca	0	0	0
764	FRgam	AP0024-Cb	0	0	0
768	FRgam	AP0025-Ca	0	0	0
763	FRgam	AP0025-Cb	0	0	0
763	FRgam	AP0030-Ca	0	0	0
763	FRgam	AP0030-Cb	0	0	0
763	FRgam	AP0031-Ca	0	0	0
763	FRgam	AP0031-Cb	0	0	0
764	FRgam	AP0032-Ca	0	0	0
763	FRgam	AP0032-Cb	0	0	0
763	FRgam	AP0033-Ca	0	0	0
763	FRgam	AP0033-Cb	0	0	0
763	FRgam	AP0034-Ca	0	0	0
765	FRgam	AP0034-Cb	0	0	0
763	FRgam	AP0035-Ca	0	0	0
763	FRgam	AP0035-Cb	0	0	0
4	GQgam	AQ0001-Ca	1	1	0
4	GQgam	AQ0001-Cb	1	1	0
4	GQgam	AQ0002-Ca	1	1	0
4	GQgam	AQ0002-Cb	1	1	0
4	GQgam	AQ0004-Ca	1	1	0
4	GQgam	AQ0004-Cb	1	1	0
769	GQgam	AQ0005-Ca	0	0	0
4	GQgam	AQ0005-Cb	1	1	0
4	GQgam	AQ0011-Ca	1	1	0
769	GQgam	AQ0011-Cb	0	0	0
4	GQgam	AQ0012-Ca	1	1	0
4	GQgam	AQ0012-Cb	1	1	0
4	GQgam	AQ0013-Ca	1	1	0
770	GQgam	AQ0013-Cb	0	0	0
4	GQgam	AQ0014-Ca	1	1	0
689	GQgam	AQ0014-Cb	0	0	0
4	GQgam	AQ0015-Ca	1	1	0
770	GQgam	AQ0015-Cb	0	0	0
4	AOcol	AR0001-Ca	1	1	2
771	AOcol	AR0001-Cb	0	0	0
772	AOcol	AR0007-Ca	0	0	2
771	AOcol	AR0007-Cb	0	0	2
773	AOcol	AR0008-Ca	0	0	2
4	AOcol	AR0008-Cb	1	1	2
4	AOcol	AR0009-Ca	1	1	2
4	AOcol	AR0009-Cb	1	1	2
4	AOcol	AR0010-Ca	1	1	2
4	AOcol	AR0010-Cb	1	1	2
4	AOcol	AR0011-Ca	1	1	2
4	AOcol	AR0011-Cb	1	1	2
4	AOcol	AR0012-Ca	1	1	2
4	AOcol	AR0012-Cb	1	1	0
4	AOcol	AR0013-Ca	1	1	0
4	AOcol	AR0013-Cb	1	1	2
4	AOcol	AR0014-Ca	1	1	2
774	AOcol	AR0014-Cb	0	0	2
4	AOcol	AR0015-Ca	1	1	2
771	AOcol	AR0015-Cb	0	0	2
4	AOcol	AR0016-Ca	1	1	2
775	AOcol	AR0016-Cb	0	0	2
776	AOcol	AR0017-Ca	0	0	2
4	AOcol	AR0017-Cb	1	1	2
775	AOcol	AR0018-Ca	0	0	2
4	AOcol	AR0018-Cb	1	1	2
777	AOcol	AR0019-Ca	0	0	2
771	AOcol	AR0019-Cb	0	0	2
778	AOcol	AR0020-Ca	0	0	2
4	AOcol	AR0020-Cb	1	1	2
777	AOcol	AR0021-Ca	0	0	2
771	AOcol	AR0021-Cb	0	0	2
4	AOcol	AR0022-Ca	1	1	2
779	AOcol	AR0022-Cb	0	0	2
772	AOcol	AR0023-Ca	0	0	2
4	AOcol	AR0023-Cb	1	1	2
4	AOcol	AR0024-Ca	1	1	0
771	AOcol	AR0024-Cb	0	0	0
774	AOcol	AR0026-Ca	0	0	0
4	AOcol	AR0026-Cb	1	1	2
771	AOcol	AR0027-Ca	0	0	2
4	AOcol	AR0027-Cb	1	1	0
780	AOcol	AR0034-Ca	0	0	0
4	AOcol	AR0034-Cb	1	1	2
4	AOcol	AR0035-Ca	1	1	2
4	AOcol	AR0035-Cb	1	1	2
781	AOcol	AR0036-Ca	0	0	2
782	AOcol	AR0036-Cb	0	0	2
771	AOcol	AR0038-Ca	0	0	2
783	AOcol	AR0038-Cb	0	0	0
4	AOcol	AR0040-Ca	1	1	2
4	AOcol	AR0040-Cb	1	1	2
4	AOcol	AR0042-Ca	1	1	2
4	AOcol	AR0042-Cb	1	1	2
4	AOcol	AR0043-Ca	1	1	2
4	AOcol	AR0043-Cb	1	1	2
771	AOcol	AR0044-Ca	0	0	2
4	AOcol	AR0044-Cb	1	1	2
784	AOcol	AR0045-Ca	0	0	2
785	AOcol	AR0045-Cb	0	0	2
774	AOcol	AR0046-Ca	0	0	2
4	AOcol	AR0046-Cb	1	1	2
786	AOcol	AR0047-Ca	1	1	2
787	AOcol	AR0047-Cb	0	0	2
784	AOcol	AR0048-Ca	0	0	2
788	AOcol	AR0048-Cb	0	0	2
4	AOcol	AR0049-Ca	1	1	2
4	AOcol	AR0049-Cb	1	1	2
789	AOcol	AR0050-Ca	0	0	2
771	AOcol	AR0050-Cb	0	0	2
790	AOcol	AR0051-Ca	0	0	2
4	AOcol	AR0051-Cb	1	1	2
774	AOcol	AR0052-Ca	0	0	2
771	AOcol	AR0052-Cb	0	0	2
771	AOcol	AR0053-Ca	0	0	0
776	AOcol	AR0053-Cb	0	0	2
4	AOcol	AR0054-Ca	1	1	2
4	AOcol	AR0054-Cb	1	1	2
789	AOcol	AR0057-Ca	0	0	2
4	AOcol	AR0057-Cb	1	1	2
791	AOcol	AR0059-Ca	0	0	2
4	AOcol	AR0059-Cb	1	1	2
792	AOcol	AR0060-Ca	0	0	2
4	AOcol	AR0060-Cb	1	1	2
793	AOcol	AR0061-Ca	0	0	2
794	AOcol	AR0061-Cb	0	0	2
784	AOcol	AR0062-Ca	0	0	0
4	AOcol	AR0062-Cb	1	1	2
4	AOcol	AR0063-Ca	1	1	2
779	AOcol	AR0063-Cb	0	0	2
795	AOcol	AR0064-Ca	0	0	2
4	AOcol	AR0064-Cb	1	1	2
796	AOcol	AR0065-Ca	0	0	2
777	AOcol	AR0065-Cb	0	0	2
797	AOcol	AR0066-Ca	0	0	2
798	AOcol	AR0066-Cb	0	0	2
4	AOcol	AR0069-Ca	1	1	2
4	AOcol	AR0069-Cb	1	1	2
4	AOcol	AR0070-Ca	1	1	2
771	AOcol	AR0070-Cb	0	0	2
799	AOcol	AR0071-Ca	0	0	0
788	AOcol	AR0071-Cb	0	0	2
4	AOcol	AR0072-Ca	1	1	2
771	AOcol	AR0072-Cb	0	0	2
4	AOcol	AR0073-Ca	1	1	2
4	AOcol	AR0073-Cb	1	1	2
771	AOcol	AR0074-Ca	0	0	2
800	AOcol	AR0074-Cb	0	0	0
801	AOcol	AR0075-Ca	0	0	0
4	AOcol	AR0075-Cb	1	1	2
802	AOcol	AR0076-Ca	0	0	0
777	AOcol	AR0076-Cb	0	0	2
796	AOcol	AR0077-Ca	0	0	0
792	AOcol	AR0077-Cb	0	0	0
803	AOcol	AR0078-Ca	0	0	2
4	AOcol	AR0078-Cb	1	1	2
4	AOcol	AR0079-Ca	1	1	2
771	AOcol	AR0079-Cb	0	0	2
4	AOcol	AR0080-Ca	1	1	2
775	AOcol	AR0080-Cb	0	0	0
804	AOcol	AR0081-Ca	0	0	2
4	AOcol	AR0081-Cb	1	1	2
805	AOcol	AR0082-Ca	0	0	0
803	AOcol	AR0082-Cb	0	0	2
771	AOcol	AR0083-Ca	0	0	2
806	AOcol	AR0083-Cb	0	0	2
4	AOcol	AR0084-Ca	1	1	0
778	AOcol	AR0084-Cb	0	0	0
4	AOcol	AR0085-Ca	1	1	0
807	AOcol	AR0085-Cb	0	0	2
791	AOcol	AR0086-Ca	0	0	2
807	AOcol	AR0086-Cb	0	0	2
808	AOcol	AR0087-Ca	0	0	0
778	AOcol	AR0087-Cb	0	0	2
4	AOcol	AR0088-Ca	1	1	2
4	AOcol	AR0088-Cb	1	1	0
809	AOcol	AR0089-Ca	0	0	2
4	AOcol	AR0089-Cb	1	1	2
797	AOcol	AR0090-Ca	0	0	2
810	AOcol	AR0090-Cb	0	0	2
4	AOcol	AR0092-Ca	1	1	2
802	AOcol	AR0092-Cb	0	0	2
776	AOcol	AR0093-Ca	0	0	2
4	AOcol	AR0093-Cb	1	1	2
796	AOcol	AR0095-Ca	0	0	2
4	AOcol	AR0095-Cb	1	1	2
805	AOcol	AR0096-Ca	0	0	2
784	AOcol	AR0096-Cb	0	0	2
811	AOcol	AR0097-Ca	0	0	2
4	AOcol	AR0097-Cb	1	1	2
4	AOcol	AR0098-Ca	1	1	2
4	AOcol	AR0098-Cb	1	1	2
777	AOcol	AR0099-Ca	0	0	2
777	AOcol	AR0099-Cb	0	0	2
771	AOcol	AR0100-Ca	0	0	0
777	AOcol	AR0100-Cb	0	0	2
812	GAgam	AS0001-Ca	1	1	1
813	GAgam	AS0001-Cb	0	0	2
524	GAgam	AS0002-Ca	0	0	1
743	GAgam	AS0002-Cb	0	0	2
814	GAgam	AS0003-Ca	0	0	1
4	GAgam	AS0003-Cb	1	1	1
4	GAgam	AS0004-Ca	1	1	1
4	GAgam	AS0004-Cb	1	1	2
609	GAgam	AS0005-Ca	0	0	2
279	GAgam	AS0005-Cb	0	0	1
4	GAgam	AS0006-Ca	1	1	2
815	GAgam	AS0006-Cb	1	1	1
4	GAgam	AS0007-Ca	1	1	2
4	GAgam	AS0007-Cb	1	1	1
4	GAgam	AS0008-Ca	1	1	1
4	GAgam	AS0008-Cb	1	1	2
4	GAgam	AS0009-Ca	1	1	1
609	GAgam	AS0009-Cb	0	0	1
4	GAgam	AS0010-Ca	1	1	1
4	GAgam	AS0010-Cb	1	1	2
4	GAgam	AS0011-Ca	1	1	2
4	GAgam	AS0011-Cb	1	1	1
4	GAgam	AS0012-Ca	1	1	1
4	GAgam	AS0012-Cb	1	1	1
4	GAgam	AS0013-Ca	1	1	1
4	GAgam	AS0013-Cb	1	1	2
4	GAgam	AS0014-Ca	1	1	2
4	GAgam	AS0014-Cb	1	1	1
4	GAgam	AS0015-Ca	1	1	1
4	GAgam	AS0015-Cb	1	1	1
4	GAgam	AS0016-Ca	1	1	2
4	GAgam	AS0016-Cb	1	1	1
4	GAgam	AS0017-Ca	1	1	2
4	GAgam	AS0017-Cb	1	1	1
4	GAgam	AS0018-Ca	1	1	1
816	GAgam	AS0018-Cb	0	0	1
4	GAgam	AS0019-Ca	1	1	1
4	GAgam	AS0019-Cb	1	1	2
279	GAgam	AS0020-Ca	0	0	2
4	GAgam	AS0020-Cb	1	1	1
4	GAgam	AS0021-Ca	1	1	2
817	GAgam	AS0021-Cb	1	1	1
4	GAgam	AS0022-Ca	1	1	1
4	GAgam	AS0022-Cb	1	1	2
4	GAgam	AS0024-Ca	1	1	2
4	GAgam	AS0024-Cb	1	1	1
4	GAgam	AS0025-Ca	1	1	1
818	GAgam	AS0025-Cb	0	0	1
4	GAgam	AS0026-Ca	1	1	1
4	GAgam	AS0026-Cb	1	1	2
4	GAgam	AS0027-Ca	1	1	1
4	GAgam	AS0027-Cb	1	1	1
279	GAgam	AS0028-Ca	0	0	1
4	GAgam	AS0028-Cb	1	1	2
4	GAgam	AS0029-Ca	1	1	1
524	GAgam	AS0029-Cb	0	0	1
4	GAgam	AS0030-Ca	1	1	1
4	GAgam	AS0030-Cb	1	1	1
4	GAgam	AS0032-Ca	1	1	1
4	GAgam	AS0032-Cb	1	1	1
4	GAgam	AS0033-Ca	1	1	1
4	GAgam	AS0033-Cb	1	1	1
4	GAgam	AS0034-Ca	1	1	1
743	GAgam	AS0034-Cb	0	0	2
4	GAgam	AS0035-Ca	1	1	1
4	GAgam	AS0035-Cb	1	1	1
4	GAgam	AS0036-Ca	1	1	2
4	GAgam	AS0036-Cb	1	1	1
4	GAgam	AS0037-Ca	1	1	1
4	GAgam	AS0037-Cb	1	1	1
4	GAgam	AS0039-Ca	1	1	2
4	GAgam	AS0039-Cb	1	1	1
4	GAgam	AS0040-Ca	1	1	1
4	GAgam	AS0040-Cb	1	1	2
4	GAgam	AS0041-Ca	1	1	1
4	GAgam	AS0041-Cb	1	1	1
609	GAgam	AS0042-Ca	0	0	1
4	GAgam	AS0042-Cb	1	1	2
4	GAgam	AS0044-Ca	1	1	2
4	GAgam	AS0044-Cb	1	1	1
4	GAgam	AS0045-Ca	1	1	2
653	GAgam	AS0045-Cb	0	0	1
4	GAgam	AS0046-Ca	1	1	1
4	GAgam	AS0046-Cb	1	1	1
4	GAgam	AS0047-Ca	1	1	1
819	GAgam	AS0047-Cb	0	0	2
4	GAgam	AS0048-Ca	1	1	1
4	GAgam	AS0048-Cb	1	1	2
4	GAgam	AS0049-Ca	1	1	1
524	GAgam	AS0049-Cb	0	0	2
4	GAgam	AS0051-Ca	1	1	2
4	GAgam	AS0051-Cb	1	1	1
4	GAgam	AS0052-Ca	1	1	1
524	GAgam	AS0052-Cb	0	0	2
4	GAgam	AS0053-Ca	1	1	1
4	GAgam	AS0053-Cb	1	1	2
279	GAgam	AS0054-Ca	0	0	1
4	GAgam	AS0054-Cb	1	1	1
4	GAgam	AS0055-Ca	1	1	1
4	GAgam	AS0055-Cb	1	1	2
4	GAgam	AS0056-Ca	1	1	1
4	GAgam	AS0056-Cb	1	1	2
820	GAgam	AS0057-Ca	0	0	1
4	GAgam	AS0057-Cb	1	1	1
524	GAgam	AS0058-Ca	0	0	1
4	GAgam	AS0058-Cb	1	1	1
653	GAgam	AS0059-Ca	0	0	1
4	GAgam	AS0059-Cb	1	1	1
4	GAgam	AS0060-Ca	1	1	2
4	GAgam	AS0060-Cb	1	1	1
4	GAgam	AS0062-Ca	1	1	1
4	GAgam	AS0062-Cb	1	1	1
524	GAgam	AS0064-Ca	0	0	1
4	GAgam	AS0064-Cb	1	1	1
4	GAgam	AS0065-Ca	1	1	1
4	GAgam	AS0065-Cb	1	1	1
4	GAgam	AS0066-Ca	1	1	1
4	GAgam	AS0066-Cb	1	1	1
4	GAgam	AS0068-Ca	1	1	1
4	GAgam	AS0068-Cb	1	1	2
4	GAgam	AS0069-Ca	1	1	2
4	GAgam	AS0069-Cb	1	1	1
524	GAgam	AS0070-Ca	0	0	1
4	GAgam	AS0070-Cb	1	1	1
279	GAgam	AS0071-Ca	0	0	2
4	GAgam	AS0071-Cb	1	1	1
524	GAgam	AS0072-Ca	0	0	1
4	GAgam	AS0072-Cb	1	1	1
4	GAgam	AS0073-Ca	1	1	2
4	GAgam	AS0073-Cb	1	1	2
4	GAgam	AS0074-Ca	1	1	1
4	GAgam	AS0074-Cb	1	1	2
4	GAgam	AS0076-Ca	1	1	1
4	GAgam	AS0076-Cb	1	1	2
4	GAgam	AS0077-Ca	1	1	2
4	GAgam	AS0077-Cb	1	1	2
4	GAgam	AS0078-Ca	1	1	1
524	GAgam	AS0078-Cb	0	0	1
4	GNgam	AV0001-Ca	1	1	2
821	GNgam	AV0001-Cb	0	0	2
822	GNgam	AV0002-Ca	0	0	2
823	GNgam	AV0002-Cb	0	0	2
824	GNgam	AV0003-Ca	0	0	2
825	GNgam	AV0003-Cb	0	0	2
826	GNgam	AV0004-Ca	0	0	2
827	GNgam	AV0004-Cb	0	0	2
11	GNgam	AV0005-Ca	0	0	2
828	GNgam	AV0005-Cb	0	0	2
829	GNgam	AV0006-Ca	0	0	2
830	GNgam	AV0006-Cb	0	0	2
4	GNgam	AV0007-Ca	1	1	2
831	GNgam	AV0007-Cb	0	0	2
520	GNgam	AV0008-Ca	0	0	2
4	GNgam	AV0008-Cb	1	1	2
832	GNgam	AV0009-Ca	0	0	2
833	GNgam	AV0009-Cb	0	0	2
76	GNgam	AV0010-Ca	0	0	2
834	GNgam	AV0010-Cb	0	0	2
835	GNgam	AV0011-Ca	0	0	2
836	GNgam	AV0011-Cb	0	0	2
837	GNgam	AV0012-Ca	0	0	2
4	GNgam	AV0012-Cb	1	1	2
838	GNgam	AV0013-Ca	0	0	2
839	GNgam	AV0013-Cb	0	0	2
840	GNgam	AV0014-Ca	1	1	2
4	GNgam	AV0014-Cb	1	1	2
841	GNgam	AV0015-Ca	0	0	2
762	GNgam	AV0015-Cb	0	0	2
842	GNgam	AV0017-Ca	0	0	2
843	GNgam	AV0017-Cb	0	0	2
4	GNgam	AV0018-Ca	1	1	2
844	GNgam	AV0018-Cb	0	0	2
4	GNgam	AV0020-Ca	1	1	2
52	GNgam	AV0020-Cb	0	0	2
845	GNgam	AV0021-Ca	0	0	2
4	GNgam	AV0021-Cb	1	1	2
846	GNgam	AV0022-Ca	0	0	2
847	GNgam	AV0022-Cb	0	0	2
848	GNgam	AV0024-Ca	0	0	2
849	GNgam	AV0024-Cb	0	0	2
498	GNgam	AV0025-Ca	0	0	2
4	GNgam	AV0025-Cb	1	1	2
850	GNgam	AV0026-Ca	0	0	2
840	GNgam	AV0026-Cb	1	1	2
4	GNgam	AV0027-Ca	1	1	2
4	GNgam	AV0027-Cb	1	1	2
4	GNgam	AV0028-Ca	1	1	2
4	GNgam	AV0028-Cb	1	1	2
4	GNgam	AV0029-Ca	1	1	2
851	GNgam	AV0029-Cb	0	0	2
852	GNgam	AV0030-Ca	0	0	2
853	GNgam	AV0030-Cb	0	0	2
285	GNgam	AV0031-Ca	0	0	2
854	GNgam	AV0031-Cb	0	0	2
76	GNgam	AV0032-Ca	0	0	2
4	GNgam	AV0032-Cb	1	1	2
4	GNgam	AV0033-Ca	1	1	2
4	GNgam	AV0033-Cb	1	1	2
110	GNgam	AV0034-Ca	0	0	2
4	GNgam	AV0034-Cb	1	1	2
855	GNgam	AV0035-Ca	0	0	2
4	GNgam	AV0035-Cb	1	1	2
856	GNgam	AV0036-Ca	0	0	2
857	GNgam	AV0036-Cb	0	0	2
850	GNgam	AV0037-Ca	0	0	2
840	GNgam	AV0037-Cb	1	1	2
858	GNcol	AV0038-Ca	0	0	2
859	GNcol	AV0038-Cb	0	0	2
832	GNgam	AV0039-Ca	0	0	2
4	GNgam	AV0039-Cb	1	1	2
860	GNcol	AV0040-Ca	0	0	2
861	GNcol	AV0040-Cb	0	0	0
4	GNgam	AV0041-Ca	1	1	2
498	GNgam	AV0041-Cb	0	0	2
862	GNcol	AV0042-Ca	0	0	2
863	GNcol	AV0042-Cb	0	0	2
864	GNgam	AV0043-Ca	0	0	2
865	GNgam	AV0043-Cb	0	0	2
4	GNgam	AV0044-Ca	1	1	2
866	GNgam	AV0044-Cb	0	0	2
4	GNgam	AV0045-Ca	1	1	2
867	GNgam	AV0045-Cb	0	0	2
862	GNcol	AV0046-Ca	0	0	2
868	GNcol	AV0046-Cb	0	0	2
4	GNgam	AV0047-Ca	1	1	2
4	GNgam	AV0047-Cb	1	1	2
4	CIcol	AY0006-Ca	1	1	2
4	CIcol	AY0006-Cb	1	1	0
4	CIcol	AY0007-Ca	1	1	0
138	CIcol	AY0007-Cb	0	0	2
103	CIcol	AY0010-Ca	0	0	2
4	CIcol	AY0010-Cb	1	1	2
4	CIcol	AY0011-Ca	1	1	2
4	CIcol	AY0011-Cb	1	1	2
4	CIcol	AY0012-Ca	1	1	2
105	CIcol	AY0012-Cb	0	0	2
4	CIcol	AY0013-Ca	1	1	2
138	CIcol	AY0013-Cb	0	0	2
4	CIcol	AY0015-Ca	1	1	2
4	CIcol	AY0015-Cb	1	1	2
14	CIcol	AY0016-Ca	0	0	2
4	CIcol	AY0016-Cb	1	1	2
4	CIcol	AY0017-Ca	1	1	2
4	CIcol	AY0017-Cb	1	1	2
4	CIcol	AY0018-Ca	1	1	2
869	CIcol	AY0018-Cb	0	0	2
4	CIcol	AY0019-Ca	1	1	2
104	CIcol	AY0019-Cb	0	0	2
25	CIcol	AY0020-Ca	0	0	2
4	CIcol	AY0020-Cb	1	1	2
105	CIcol	AY0021-Ca	0	0	2
4	CIcol	AY0021-Cb	1	1	2
4	CIcol	AY0023-Ca	1	1	0
4	CIcol	AY0023-Cb	1	1	2
4	CIcol	AY0024-Ca	1	1	2
870	CIcol	AY0024-Cb	0	0	2
4	CIcol	AY0025-Ca	1	1	2
4	CIcol	AY0025-Cb	1	1	2
29	CIcol	AY0026-Ca	0	0	2
4	CIcol	AY0026-Cb	1	1	2
104	CIcol	AY0027-Ca	0	0	2
4	CIcol	AY0027-Cb	1	1	2
4	CIcol	AY0029-Ca	1	1	2
4	CIcol	AY0029-Cb	1	1	2
4	CIcol	AY0031-Ca	1	1	2
31	CIcol	AY0031-Cb	0	0	2
4	CIcol	AY0032-Ca	1	1	0
871	CIcol	AY0032-Cb	0	0	2
4	CIcol	AY0033-Ca	1	1	2
4	CIcol	AY0033-Cb	1	1	2
101	CIcol	AY0034-Ca	0	0	2
4	CIcol	AY0034-Cb	1	1	2
4	CIcol	AY0035-Ca	1	1	2
4	CIcol	AY0035-Cb	1	1	2
4	CIcol	AY0036-Ca	1	1	2
4	CIcol	AY0036-Cb	1	1	2
4	CIcol	AY0038-Ca	1	1	2
4	CIcol	AY0038-Cb	1	1	2
4	CIcol	AY0039-Ca	1	1	2
4	CIcol	AY0039-Cb	1	1	0
14	CIcol	AY0040-Ca	0	0	2
14	CIcol	AY0040-Cb	0	0	2
31	CIcol	AY0041-Ca	0	0	2
66	CIcol	AY0041-Cb	0	0	2
31	CIcol	AY0042-Ca	0	0	2
4	CIcol	AY0042-Cb	1	1	2
31	CIcol	AY0043-Ca	0	0	2
4	CIcol	AY0043-Cb	1	1	2
16	CIcol	AY0045-Ca	0	0	0
31	CIcol	AY0045-Cb	0	0	2
104	CIcol	AY0046-Ca	0	0	2
4	CIcol	AY0046-Cb	1	1	2
14	CIcol	AY0047-Ca	0	0	2
4	CIcol	AY0047-Cb	1	1	2
4	CIcol	AY0048-Ca	1	1	2
4	CIcol	AY0048-Cb	1	1	2
104	CIcol	AY0049-Ca	0	0	2
4	CIcol	AY0049-Cb	1	1	0
4	CIcol	AY0050-Ca	1	1	2
4	CIcol	AY0050-Cb	1	1	2
872	CIcol	AY0052-Ca	0	0	2
873	CIcol	AY0052-Cb	0	0	2
4	CIcol	AY0053-Ca	1	1	2
874	CIcol	AY0053-Cb	1	1	2
4	CIcol	AY0054-Ca	1	1	2
31	CIcol	AY0054-Cb	0	0	2
4	CIcol	AY0055-Ca	1	1	2
4	CIcol	AY0055-Cb	1	1	2
4	CIcol	AY0056-Ca	1	1	2
4	CIcol	AY0056-Cb	1	1	2
4	CIcol	AY0057-Ca	1	1	2
4	CIcol	AY0057-Cb	1	1	0
4	CIcol	AY0058-Ca	1	1	2
4	CIcol	AY0058-Cb	1	1	2
119	CIcol	AY0059-Ca	0	0	2
12	CIcol	AY0059-Cb	0	0	2
4	CIcol	AY0060-Ca	1	1	0
4	CIcol	AY0060-Cb	1	1	2
4	CIcol	AY0061-Ca	1	1	2
31	CIcol	AY0061-Cb	0	0	2
4	CIcol	AY0062-Ca	1	1	2
4	CIcol	AY0062-Cb	1	1	2
4	CIcol	AY0063-Ca	1	1	2
4	CIcol	AY0063-Cb	1	1	2
4	CIcol	AY0064-Ca	1	1	2
4	CIcol	AY0064-Cb	1	1	0
31	CIcol	AY0065-Ca	0	0	0
875	CIcol	AY0065-Cb	1	0	2
4	CIcol	AY0066-Ca	1	1	2
4	CIcol	AY0066-Cb	1	1	2
103	CIcol	AY0067-Ca	0	0	2
4	CIcol	AY0067-Cb	1	1	2
4	CIcol	AY0068-Ca	1	1	2
4	CIcol	AY0068-Cb	1	1	2
4	CIcol	AY0069-Ca	1	1	2
876	CIcol	AY0069-Cb	1	1	2
4	CIcol	AY0070-Ca	1	1	2
48	CIcol	AY0070-Cb	0	0	2
4	CIcol	AY0072-Ca	1	1	2
4	CIcol	AY0072-Cb	1	1	2
4	CIcol	AY0074-Ca	1	1	2
877	CIcol	AY0074-Cb	0	0	2
878	CIcol	AY0076-Ca	0	0	2
4	CIcol	AY0076-Cb	1	1	2
4	CIcol	AY0077-Ca	1	1	2
119	CIcol	AY0077-Cb	0	0	2
4	CIcol	AY0078-Ca	1	1	2
4	CIcol	AY0078-Cb	1	1	2
4	CIcol	AY0079-Ca	1	1	2
879	CIcol	AY0079-Cb	0	0	2
31	CIcol	AY0080-Ca	0	0	2
4	CIcol	AY0080-Cb	1	1	2
4	CIcol	AY0082-Ca	1	1	2
4	CIcol	AY0082-Cb	1	1	2
4	CIcol	AY0083-Ca	1	1	2
4	CIcol	AY0083-Cb	1	1	2
48	CIcol	AY0085-Ca	0	0	2
4	CIcol	AY0085-Cb	1	1	2
31	CIcol	AY0087-Ca	0	0	2
4	CIcol	AY0087-Cb	1	1	2
25	CIcol	AY0088-Ca	0	0	2
119	CIcol	AY0088-Cb	0	0	2
16	CIcol	AY0089-Ca	0	0	2
31	CIcol	AY0089-Cb	0	0	2
4	CIcol	AY0090-Ca	1	1	2
119	CIcol	AY0090-Cb	0	0	2
4	CIcol	AY0091-Ca	1	1	0
4	CIcol	AY0091-Cb	1	1	2
880	TZara	SRS408146a	0	0	0
880	TZara	SRS408146b	2	0	0
881	BFara	SRS408148a	0	0	0
882	BFara	SRS408148b	0	0	0
883	TZara	SRS408154a	0	0	0
884	TZara	SRS408154b	0	0	0
885	TZara	SRS408183a	0	0	0
886	TZara	SRS408183b	0	0	0
887	CMara	SRS408970a	0	0	0
888	CMara	SRS408970b	0	2	0
889	CMara	SRS408984a	0	0	0
890	CMara	SRS408984b	2	2	0
891	BFara	SRS408985a	0	0	0
892	BFara	SRS408985b	0	0	0
893	CMara	SRS408987a	2	2	0
893	CMara	SRS408987b	2	2	0
894	CMara	SRS408989a	0	0	0
895	CMara	SRS408989b	2	2	0
893	BFara	SRS408990a	2	2	0
893	BFara	SRS408990b	2	2	0
896	TZara	SRS408991a	0	0	0
896	TZara	SRS408991b	0	0	0
897	BFara	SRS408993a	0	0	0
898	BFara	SRS408993b	0	0	0
899	ZMqua	SRS408143a	0	0	0
900	ZMqua	SRS408143b	0	0	0
901	ZMqua	SRS408145a	0	0	0
902	ZMqua	SRS408145b	0	0	0
903	ZMqua	SRS408151a	0	0	0
904	ZMqua	SRS408151b	0	0	0
905	ZMqua	SRS408155a	0	0	0
906	ZMqua	SRS408155b	2	0	0
907	ZMqua	SRS408966a	0	0	0
907	ZMqua	SRS408966b	0	0	0
908	ZMqua	SRS408969a	0	0	0
909	ZMqua	SRS408969b	0	0	0
910	ZMqua	SRS408972a	0	0	0
911	ZMqua	SRS408972b	0	0	0
912	ZMqua	SRS408973a	0	0	0
913	ZMqua	SRS408973b	0	0	0
914	ZMqua	SRS408983a	0	0	0
915	ZMqua	SRS408983b	0	0	0
916	ZMqua	SRS420578a	0	0	0
917	ZMqua	SRS420578b	2	0	0
918	SAmer	SRS408186a	0	0	0
919	SAmer	SRS408186b	0	0	0
920	SAmer	SRS408187a	0	0	0
920	SAmer	SRS408187b	0	0	0
921	SAmer	SRS408967a	0	0	0
922	SAmer	SRS408967b	0	0	0
923	SAmer	SRS408974a	0	0	0
924	SAmer	SRS408974b	0	0	0
925	SAmer	SRS408992a	0	0	0
926	SAmer	SRS408992b	0	0	0
927	KEmer	SRS410266a	0	0	0
928	KEmer	SRS410266b	0	0	0
929	KEmer	SRS410284a	0	-1	0
930	KEmer	SRS410284b	0	-1	0
931	KEmer	SRS410286a	0	0	0
932	KEmer	SRS410286b	0	0	0
933	KEmer	SRS410290a	0	-1	0
933	KEmer	SRS410290b	0	-1	0
934	KEmer	SRS420577a	0	0	0
935	KEmer	SRS420577b	0	0	0
936	CMmel	SRS408185a	0	0	0
937	CMmel	SRS408185b	0	0	0
938	CMmel	SRS408142a	0	0	0
938	CMmel	SRS408142b	0	0	0
939	CMmel	SRS408147a	0	0	0
940	CMmel	SRS408147b	0	0	0
941	CMmel	SRS408994a	0	0	0
941	CMmel	SRS408994b	0	0	0
