ox_code	population	real_kt	estimated_kt
AA0040-C	GHcol	NA	0
AA0041-C	GHcol	NA	2
AA0042-C	GHcol	NA	0
AA0043-C	GHcol	NA	0
AA0044-C	GHcol	NA	1
AA0048-C	GHgam	NA	2
AA0049-C	GHcol	NA	0
AA0050-C	GHgam	NA	2
AA0051-C	GHcol	NA	0
AA0052-C	GHcol	NA	2
AA0053-C	GHcol	NA	0
AA0054-C	GHcol	NA	1
AA0055-C	GHcol	NA	1
AA0056-C	GHcol	NA	1
AA0060-C	GHgam	NA	1
AA0061-C	GHgam	NA	1
AA0063-C	GHcol	NA	0
AA0064-C	GHcol	NA	1
AA0066-C	GHcol	NA	1
AA0067-C	GHcol	NA	1
AA0068-C	GHcol	NA	1
AA0072-C	GHgam	NA	2
AA0073-C	GHcol	NA	1
AA0074-C	GHcol	NA	1
AA0075-C	GHcol	NA	1
AA0076-C	GHcol	NA	1
AA0077-C	GHcol	NA	1
AA0080-C	GHcol	NA	2
AA0084-C	GHgam	NA	0
AA0085-C	GHgam	NA	2
AA0086-C	GHgam	NA	0
AA0087-C	GHcol	NA	0
AA0088-C	GHcol	NA	0
AA0089-C	GHcol	NA	0
AA0090-C	GHcol	NA	1
AA0091-C	GHcol	NA	0
AA0096-C	GHgam	NA	1
AA0097-C	GHcol	NA	1
AA0098-C	GHcol	NA	0
AA0099-C	GHcol	NA	1
AA0100-C	GHcol	NA	1
AA0101-C	GHcol	NA	2
AA0102-C	GHcol	NA	1
AA0103-C	GHcol	NA	0
AA0104-C	GHcol	NA	0
AA0107-C	GHcol	NA	0
AA0108-C	GHgam	NA	0
AA0109-C	GHcol	NA	0
AA0110-C	GHcol	NA	0
AA0111-C	GHcol	NA	0
AA0113-C	GHcol	NA	1
AA0114-C	GHcol	NA	0
AA0115-C	GHcol	NA	2
AA0116-C	GHcol	NA	1
AA0122-C	GHgam	NA	1
AA0123-C	GHcol	NA	0
AA0124-C	GHcol	NA	0
AA0125-C	GHcol	NA	1
AA0127-C	GHcol	NA	1
AA0132-C	GHcol	NA	0
AA0133-C	GHgam	NA	2
AA0134-C	GHcol	NA	1
AA0135-C	GHcol	NA	1
AA0136-C	GHcol	NA	1
AA0139-C	GHcol	NA	2
AA0140-C	GHcol	NA	0
AA0141-C	GHcol	NA	0
AB0085-C	BFgam	NA	2
AB0087-C	BFcol	NA	2
AB0088-C	BFcol	NA	2
AB0089-C	BFcol	NA	2
AB0090-C	BFcol	NA	2
AB0091-C	BFcol	NA	2
AB0092-C	BFcol	NA	2
AB0094-C	BFcol	NA	2
AB0095-C	BFcol	NA	2
AB0097-C	BFcol	NA	2
AB0098-C	BFcol	NA	2
AB0099-C	BFcol	NA	2
AB0100-C	BFcol	NA	2
AB0101-C	BFcol	NA	2
AB0103-C	BFgam	NA	2
AB0104-C	BFgam	NA	2
AB0108-C	BFgam	NA	2
AB0109-C	BFcol	NA	2
AB0110-C	BFcol	NA	2
AB0111-C	BFcol	NA	2
AB0112-C	BFcol	NA	2
AB0113-C	BFcol	NA	2
AB0114-C	BFcol	NA	2
AB0115-C	BFcol	NA	2
AB0117-C	BFgam	NA	1
AB0118-C	BFgam	NA	2
AB0119-C	BFgam	NA	2
AB0122-C	BFcol	NA	2
AB0123-C	BFcol	NA	2
AB0124-C	BFcol	NA	2
AB0126-C	BFgam	NA	1
AB0127-C	BFgam	NA	2
AB0128-C	BFgam	NA	2
AB0129-C	BFgam	NA	2
AB0130-C	BFgam	NA	2
AB0133-C	BFgam	NA	2
AB0134-C	BFgam	NA	2
AB0135-C	BFgam	NA	2
AB0136-C	BFgam	NA	2
AB0137-C	BFcol	NA	2
AB0138-C	BFcol	NA	2
AB0139-C	BFcol	NA	2
AB0140-C	BFcol	NA	2
AB0142-C	BFcol	NA	2
AB0143-C	BFgam	NA	2
AB0145-C	BFgam	NA	1
AB0146-C	BFgam	NA	2
AB0147-C	BFgam	NA	2
AB0148-C	BFgam	NA	1
AB0150-C	BFgam	NA	2
AB0151-C	BFgam	NA	1
AB0153-C	BFgam	NA	1
AB0155-C	BFgam	NA	2
AB0157-C	BFgam	NA	1
AB0158-C	BFgam	NA	2
AB0159-C	BFgam	NA	2
AB0160-C	BFgam	NA	2
AB0161-C	BFgam	NA	2
AB0162-C	BFgam	NA	1
AB0164-C	BFgam	NA	2
AB0165-C	BFgam	NA	2
AB0166-C	BFgam	NA	2
AB0167-C	BFgam	NA	2
AB0169-C	BFgam	NA	2
AB0170-C	BFgam	NA	1
AB0171-C	BFgam	NA	2
AB0172-C	BFgam	NA	2
AB0173-C	BFgam	NA	2
AB0174-C	BFgam	NA	2
AB0175-C	BFgam	NA	2
AB0176-C	BFgam	NA	2
AB0177-C	BFgam	NA	2
AB0178-C	BFgam	NA	2
AB0179-C	BFgam	NA	2
AB0181-C	BFcol	NA	2
AB0182-C	BFcol	NA	2
AB0183-C	BFcol	NA	2
AB0184-C	BFcol	NA	2
AB0185-C	BFcol	NA	2
AB0186-C	BFcol	NA	2
AB0187-C	BFcol	NA	2
AB0188-C	BFcol	NA	2
AB0189-C	BFcol	NA	2
AB0190-C	BFcol	NA	2
AB0191-C	BFcol	NA	2
AB0192-C	BFcol	NA	2
AB0195-C	BFcol	NA	2
AB0196-C	BFcol	NA	2
AB0197-C	BFgam	NA	2
AB0198-C	BFgam	NA	2
AB0199-C	BFgam	NA	2
AB0200-C	BFgam	NA	2
AB0201-C	BFgam	NA	2
AB0202-C	BFgam	NA	2
AB0203-C	BFgam	NA	2
AB0204-C	BFcol	NA	2
AB0205-C	BFgam	NA	1
AB0206-C	BFgam	NA	2
AB0207-C	BFgam	NA	2
AB0208-C	BFgam	NA	2
AB0209-C	BFcol	NA	2
AB0210-C	BFcol	NA	2
AB0211-C	BFgam	NA	2
AB0212-C	BFcol	NA	2
AB0213-C	BFcol	NA	2
AB0215-C	BFcol	NA	2
AB0217-C	BFgam	NA	2
AB0218-C	BFgam	NA	2
AB0219-C	BFcol	NA	2
AB0221-C	BFcol	NA	2
AB0222-C	BFcol	NA	2
AB0223-C	BFcol	NA	2
AB0224-C	BFcol	NA	1
AB0226-C	BFcol	NA	2
AB0227-C	BFcol	NA	2
AB0228-C	BFgam	NA	2
AB0229-C	BFcol	NA	2
AB0231-C	BFgam	NA	1
AB0232-C	BFgam	NA	2
AB0233-C	BFgam	NA	1
AB0234-C	BFcol	NA	2
AB0235-C	BFgam	NA	2
AB0236-C	BFgam	NA	2
AB0237-C	BFcol	NA	2
AB0238-C	BFgam	NA	2
AB0239-C	BFgam	NA	2
AB0240-C	BFcol	NA	2
AB0241-C	BFgam	NA	2
AB0242-C	BFcol	NA	2
AB0243-C	BFcol	NA	2
AB0244-C	BFgam	NA	2
AB0246-C	BFcol	NA	2
AB0247-C	BFcol	NA	2
AB0248-C	BFcol	NA	1
AB0249-C	BFcol	NA	2
AB0250-C	BFcol	NA	2
AB0251-C	BFgam	NA	1
AB0252-C	BFgam	NA	2
AB0253-C	BFgam	NA	2
AB0255-C	BFgam	NA	2
AB0256-C	BFgam	NA	1
AB0257-C	BFcol	NA	2
AB0258-C	BFcol	NA	2
AB0260-C	BFgam	NA	2
AB0261-C	BFgam	NA	1
AB0262-C	BFcol	NA	2
AB0263-C	BFcol	NA	2
AB0264-C	BFgam	NA	2
AB0265-C	BFgam	NA	2
AB0266-C	BFcol	NA	2
AB0267-C	BFcol	NA	2
AB0268-C	BFgam	NA	2
AB0270-C	BFgam	NA	1
AB0271-C	BFgam	NA	2
AB0272-C	BFgam	NA	2
AB0273-C	BFgam	NA	2
AB0274-C	BFgam	NA	2
AB0275-C	BFgam	NA	2
AB0276-C	BFcol	NA	2
AB0277-C	BFgam	NA	2
AB0278-C	BFgam	NA	2
AB0279-C	BFcol	NA	2
AB0280-C	BFgam	NA	2
AB0281-C	BFgam	NA	2
AB0282-C	BFcol	NA	2
AB0283-C	BFgam	NA	2
AB0284-C	BFgam	NA	2
AC0089-C	UGgam	NA	1
AC0090-C	UGgam	NA	1
AC0091-C	UGgam	NA	1
AC0092-C	UGgam	NA	2
AC0093-C	UGgam	NA	1
AC0094-C	UGgam	NA	1
AC0095-C	UGgam	NA	2
AC0096-C	UGgam	NA	1
AC0097-C	UGgam	NA	2
AC0098-C	UGgam	NA	2
AC0099-C	UGgam	NA	0
AC0100-C	UGgam	NA	1
AC0101-C	UGgam	NA	1
AC0102-C	UGgam	NA	0
AC0103-C	UGgam	NA	2
AC0104-C	UGgam	NA	0
AC0105-C	UGgam	NA	0
AC0106-C	UGgam	NA	2
AC0107-C	UGgam	NA	0
AC0108-C	UGgam	NA	2
AC0109-C	UGgam	NA	2
AC0110-C	UGgam	NA	1
AC0111-C	UGgam	NA	2
AC0112-C	UGgam	NA	1
AC0113-C	UGgam	NA	1
AC0114-C	UGgam	NA	1
AC0115-C	UGgam	NA	2
AC0116-C	UGgam	NA	2
AC0117-C	UGgam	NA	1
AC0118-C	UGgam	NA	1
AC0119-C	UGgam	NA	0
AC0120-C	UGgam	NA	0
AC0121-C	UGgam	NA	2
AC0122-C	UGgam	NA	1
AC0123-C	UGgam	NA	1
AC0124-C	UGgam	NA	2
AC0125-C	UGgam	NA	1
AC0126-C	UGgam	NA	0
AC0127-C	UGgam	NA	2
AC0128-C	UGgam	NA	1
AC0129-C	UGgam	NA	2
AC0130-C	UGgam	NA	2
AC0131-C	UGgam	NA	1
AC0132-C	UGgam	NA	2
AC0133-C	UGgam	NA	1
AC0134-C	UGgam	NA	1
AC0135-C	UGgam	NA	1
AC0136-C	UGgam	NA	1
AC0137-C	UGgam	NA	2
AC0138-C	UGgam	NA	0
AC0139-C	UGgam	NA	0
AC0140-C	UGgam	NA	2
AC0141-C	UGgam	NA	0
AC0142-C	UGgam	NA	1
AC0143-C	UGgam	NA	2
AC0144-C	UGgam	NA	2
AC0145-C	UGgam	NA	1
AC0146-C	UGgam	NA	0
AC0147-C	UGgam	NA	2
AC0148-C	UGgam	NA	2
AC0149-C	UGgam	NA	1
AC0150-C	UGgam	NA	0
AC0151-C	UGgam	NA	1
AC0152-C	UGgam	NA	1
AC0153-C	UGgam	NA	0
AC0154-C	UGgam	NA	1
AC0155-C	UGgam	NA	1
AC0156-C	UGgam	NA	1
AC0157-C	UGgam	NA	2
AC0158-C	UGgam	NA	1
AC0159-C	UGgam	NA	0
AC0160-C	UGgam	NA	1
AC0161-C	UGgam	NA	2
AC0162-C	UGgam	NA	1
AC0163-C	UGgam	NA	1
AC0164-C	UGgam	NA	1
AC0166-C	UGgam	NA	1
AC0167-C	UGgam	NA	1
AC0168-C	UGgam	NA	1
AC0169-C	UGgam	NA	2
AC0170-C	UGgam	NA	1
AC0171-C	UGgam	NA	2
AC0172-C	UGgam	NA	2
AC0173-C	UGgam	NA	1
AC0174-C	UGgam	NA	1
AC0176-C	UGgam	NA	0
AC0177-C	UGgam	NA	1
AC0178-C	UGgam	NA	1
AC0179-C	UGgam	NA	2
AC0180-C	UGgam	NA	2
AC0181-C	UGgam	NA	0
AC0182-C	UGgam	NA	2
AC0183-C	UGgam	NA	1
AC0184-C	UGgam	NA	2
AC0185-C	UGgam	NA	1
AC0186-C	UGgam	NA	0
AC0187-C	UGgam	NA	1
AC0188-C	UGgam	NA	1
AC0189-C	UGgam	NA	2
AC0190-C	UGgam	NA	2
AC0191-C	UGgam	NA	2
AC0192-C	UGgam	NA	2
AC0193-C	UGgam	NA	2
AC0194-C	UGgam	NA	2
AC0195-C	UGgam	NA	1
AC0196-C	UGgam	NA	2
AC0197-C	UGgam	NA	2
AC0199-C	UGgam	NA	1
AC0200-C	UGgam	NA	1
AC0201-C	UGgam	NA	2
AC0202-C	UGgam	NA	1
AC0203-C	UGgam	NA	1
AG0082-C	GM	NA	1
AG0085-C	GM	NA	1
AG0089-C	GM	NA	1
AG0096-C	GM	NA	2
AG0097-C	GM	NA	2
AG0098-C	GM	NA	2
AG0100-C	GM	NA	1
AG0102-C	GM	NA	2
AG0104-C	GM	NA	2
AG0106-C	GM	NA	2
AG0108-C	GM	NA	2
AG0109-C	GM	NA	1
AG0111-C	GM	NA	1
AG0118-C	GM	NA	2
AG0120-C	GM	NA	1
AG0121-C	GM	NA	1
AG0123-C	GM	NA	1
AG0125-C	GM	NA	2
AG0126-C	GM	NA	2
AG0127-C	GM	NA	2
AG0128-C	GM	NA	1
AG0129-C	GM	NA	2
AG0133-C	GM	NA	1
AG0134-C	GM	NA	1
AG0136-C	GM	NA	1
AG0137-C	GM	NA	2
AG0138-C	GM	NA	2
AG0139-C	GM	NA	1
AG0141-C	GM	NA	1
AG0142-C	GM	NA	1
AG0143-C	GM	NA	2
AG0144-C	GM	NA	2
AG0145-C	GM	NA	2
AG0146-C	GM	NA	2
AG0147-C	GM	NA	2
AG0148-C	GM	NA	2
AG0152-C	GM	NA	2
AG0153-C	GM	NA	2
AG0156-C	GM	NA	2
AG0159-C	GM	NA	2
AG0162-C	GM	NA	2
AG0163-C	GM	NA	2
AG0169-C	GM	NA	1
AG0170-C	GM	NA	1
AG0172-C	GM	NA	1
AG0178-C	GM	NA	2
AG0179-C	GM	NA	1
AG0181-C	GM	NA	2
AG0183-C	GM	NA	2
AG0195-C	GM	NA	2
AG0197-C	GM	NA	1
AG0202-C	GM	NA	2
AG0203-C	GM	NA	1
AG0204-C	GM	NA	1
AG0206-C	GM	NA	1
AG0208-C	GM	NA	1
AG0214-C	GM	NA	1
AG0221-C	GM	NA	2
AG0223-C	GM	NA	2
AG0227-C	GM	NA	2
AG0229-C	GM	NA	1
AG0230-C	GM	NA	1
AG0231-C	GM	NA	2
AG0232-C	GM	NA	1
AG0263-C	GM	NA	1
AJ0023-C	GW	NA	0
AJ0024-C	GW	NA	0
AJ0028-C	GW	NA	1
AJ0032-C	GW	NA	2
AJ0035-C	GW	NA	1
AJ0036-C	GW	NA	0
AJ0037-C	GW	NA	1
AJ0038-C	GW	NA	1
AJ0039-C	GW	NA	0
AJ0043-C	GW	NA	1
AJ0044-C	GW	NA	1
AJ0045-C	GW	NA	2
AJ0047-C	GW	NA	1
AJ0051-C	GW	NA	1
AJ0052-C	GW	NA	0
AJ0056-C	GW	NA	0
AJ0059-C	GW	NA	0
AJ0060-C	GW	NA	0
AJ0061-C	GW	NA	0
AJ0063-C	GW	NA	1
AJ0064-C	GW	NA	1
AJ0066-C	GW	NA	0
AJ0068-C	GW	NA	1
AJ0070-C	GW	NA	0
AJ0071-C	GW	NA	0
AJ0072-C	GW	NA	0
AJ0074-C	GW	NA	2
AJ0075-C	GW	NA	1
AJ0076-C	GW	NA	1
AJ0077-C	GW	NA	1
AJ0078-C	GW	NA	1
AJ0080-C	GW	NA	1
AJ0081-C	GW	NA	1
AJ0084-C	GW	NA	1
AJ0085-C	GW	NA	0
AJ0086-C	GW	NA	0
AJ0087-C	GW	NA	1
AJ0088-C	GW	NA	0
AJ0090-C	GW	NA	1
AJ0092-C	GW	NA	1
AJ0093-C	GW	NA	1
AJ0095-C	GW	NA	1
AJ0096-C	GW	NA	0
AJ0097-C	GW	NA	1
AJ0098-C	GW	NA	0
AJ0099-C	GW	NA	0
AJ0100-C	GW	NA	0
AJ0101-C	GW	NA	0
AJ0102-C	GW	NA	0
AJ0103-C	GW	NA	1
AJ0105-C	GW	NA	0
AJ0107-C	GW	NA	0
AJ0109-C	GW	NA	0
AJ0113-C	GW	NA	1
AJ0115-C	GW	NA	0
AJ0116-C	GW	NA	1
AJ0117-C	GW	NA	1
AJ0119-C	GW	NA	0
AJ0128-C	GW	NA	0
AJ0129-C	GW	NA	1
AJ0130-C	GW	NA	0
AJ0131-C	GW	NA	1
AJ0132-C	GW	NA	0
AJ0133-C	GW	NA	0
AJ0134-C	GW	NA	1
AJ0135-C	GW	NA	1
AJ0136-C	GW	NA	0
AJ0137-C	GW	NA	1
AJ0138-C	GW	NA	2
AJ0139-C	GW	NA	0
AJ0140-C	GW	NA	0
AJ0141-C	GW	NA	0
AJ0142-C	GW	NA	1
AJ0143-C	GW	NA	0
AJ0144-C	GW	NA	0
AJ0145-C	GW	NA	2
AJ0146-C	GW	NA	0
AJ0147-C	GW	NA	2
AJ0148-C	GW	NA	0
AJ0149-C	GW	NA	1
AJ0150-C	GW	NA	1
AJ0151-C	GW	NA	0
AJ0152-C	GW	NA	1
AJ0153-C	GW	NA	0
AJ0154-C	GW	NA	1
AJ0155-C	GW	NA	0
AJ0156-C	GW	NA	1
AJ0157-C	GW	NA	1
AJ0158-C	GW	NA	1
AJ0159-C	GW	NA	0
AJ0161-C	GW	NA	1
AK0060-C	KE	NA	0
AK0062-C	KE	NA	0
AK0065-C	KE	NA	2
AK0066-C	KE	NA	2
AK0067-C	KE	NA	0
AK0068-C	KE	NA	1
AK0069-C	KE	NA	0
AK0070-C	KE	NA	2
AK0072-C	KE	NA	1
AK0073-C	KE	NA	1
AK0074-C	KE	NA	1
AK0075-C	KE	NA	1
AK0076-C	KE	NA	1
AK0077-C	KE	NA	1
AK0078-C	KE	NA	0
AK0079-C	KE	NA	1
AK0080-C	KE	NA	1
AK0081-C	KE	NA	0
AK0082-C	KE	NA	1
AK0085-C	KE	NA	1
AK0086-C	KE	NA	1
AK0087-C	KE	NA	2
AK0088-C	KE	NA	1
AK0089-C	KE	NA	2
AK0090-C	KE	NA	1
AK0091-C	KE	NA	1
AK0092-C	KE	NA	1
AK0093-C	KE	NA	2
AK0094-C	KE	NA	2
AK0095-C	KE	NA	1
AK0096-C	KE	NA	2
AK0098-C	KE	NA	2
AK0099-C	KE	NA	2
AK0100-C	KE	NA	1
AK0101-C	KE	NA	2
AK0102-C	KE	NA	1
AK0103-C	KE	NA	0
AK0104-C	KE	NA	1
AK0105-C	KE	NA	0
AK0106-C	KE	NA	0
AK0107-C	KE	NA	0
AK0108-C	KE	NA	1
AK0109-C	KE	NA	2
AK0110-C	KE	NA	2
AK0116-C	KE	NA	2
AK0117-C	KE	NA	1
AK0119-C	KE	NA	1
AK0127-C	KE	NA	2
AN0007-C	CMgam	NA	0
AN0008-C	CMgam	NA	0
AN0009-C	CMgam	NA	1
AN0010-C	CMgam	NA	0
AN0011-C	CMgam	NA	0
AN0012-C	CMgam	NA	0
AN0013-C	CMgam	NA	0
AN0014-C	CMgam	NA	0
AN0015-C	CMgam	NA	0
AN0016-C	CMgam	NA	1
AN0017-C	CMgam	NA	1
AN0018-C	CMgam	NA	0
AN0019-C	CMgam	NA	0
AN0020-C	CMgam	NA	0
AN0022-C	CMgam	NA	1
AN0023-C	CMgam	NA	2
AN0024-C	CMgam	NA	2
AN0025-C	CMgam	NA	1
AN0026-C	CMgam	NA	2
AN0027-C	CMgam	NA	1
AN0028-C	CMgam	NA	0
AN0029-C	CMgam	NA	1
AN0030-C	CMgam	NA	2
AN0031-C	CMgam	NA	1
AN0032-C	CMgam	NA	1
AN0033-C	CMgam	NA	1
AN0034-C	CMgam	NA	2
AN0035-C	CMgam	NA	0
AN0036-C	CMgam	NA	2
AN0037-C	CMgam	NA	1
AN0038-C	CMgam	NA	1
AN0039-C	CMgam	NA	1
AN0040-C	CMgam	NA	2
AN0041-C	CMgam	NA	1
AN0042-C	CMgam	NA	1
AN0043-C	CMgam	NA	2
AN0044-C	CMgam	NA	1
AN0045-C	CMgam	NA	1
AN0046-C	CMgam	NA	2
AN0047-C	CMgam	NA	2
AN0048-C	CMgam	NA	2
AN0049-C	CMgam	NA	2
AN0050-C	CMgam	NA	1
AN0051-C	CMgam	NA	1
AN0053-C	CMgam	NA	2
AN0054-C	CMgam	NA	2
AN0055-C	CMgam	NA	0
AN0056-C	CMgam	NA	1
AN0057-C	CMgam	NA	0
AN0058-C	CMgam	NA	2
AN0059-C	CMgam	NA	1
AN0060-C	CMgam	NA	2
AN0061-C	CMgam	NA	0
AN0062-C	CMgam	NA	1
AN0063-C	CMgam	NA	1
AN0064-C	CMgam	NA	2
AN0065-C	CMgam	NA	1
AN0066-C	CMgam	NA	1
AN0067-C	CMgam	NA	2
AN0068-C	CMgam	NA	0
AN0069-C	CMgam	NA	0
AN0070-C	CMgam	NA	2
AN0071-C	CMgam	NA	2
AN0072-C	CMgam	NA	1
AN0073-C	CMgam	NA	0
AN0074-C	CMgam	NA	1
AN0075-C	CMgam	NA	0
AN0076-C	CMgam	NA	2
AN0077-C	CMgam	NA	0
AN0079-C	CMgam	NA	0
AN0080-C	CMgam	NA	0
AN0081-C	CMgam	NA	1
AN0082-C	CMgam	NA	2
AN0083-C	CMgam	NA	1
AN0084-C	CMgam	NA	0
AN0085-C	CMgam	NA	0
AN0086-C	CMgam	NA	1
AN0087-C	CMgam	NA	0
AN0088-C	CMgam	NA	1
AN0089-C	CMgam	NA	2
AN0090-C	CMgam	NA	2
AN0091-C	CMgam	NA	2
AN0092-C	CMgam	NA	2
AN0093-C	CMgam	NA	2
AN0094-C	CMgam	NA	1
AN0095-C	CMgam	NA	2
AN0096-C	CMgam	NA	1
AN0097-C	CMgam	NA	1
AN0098-C	CMgam	NA	1
AN0099-C	CMgam	NA	0
AN0100-C	CMgam	NA	1
AN0101-C	CMgam	NA	1
AN0102-C	CMgam	NA	1
AN0103-C	CMgam	NA	1
AN0104-C	CMgam	NA	1
AN0105-C	CMgam	NA	2
AN0106-C	CMgam	NA	0
AN0107-C	CMgam	NA	0
AN0108-C	CMgam	NA	2
AN0109-C	CMgam	NA	1
AN0111-C	CMgam	NA	1
AN0112-C	CMgam	NA	2
AN0113-C	CMgam	NA	0
AN0114-C	CMgam	NA	2
AN0115-C	CMgam	NA	0
AN0117-C	CMgam	NA	1
AN0118-C	CMgam	NA	2
AN0119-C	CMgam	NA	1
AN0120-C	CMgam	NA	1
AN0121-C	CMgam	NA	2
AN0122-C	CMgam	NA	0
AN0123-C	CMgam	NA	0
AN0124-C	CMgam	NA	0
AN0125-C	CMgam	NA	0
AN0126-C	CMgam	NA	0
AN0127-C	CMgam	NA	0
AN0128-C	CMgam	NA	1
AN0129-C	CMgam	NA	0
AN0130-C	CMgam	NA	0
AN0131-C	CMgam	NA	0
AN0132-C	CMgam	NA	0
AN0134-C	CMgam	NA	0
AN0135-C	CMgam	NA	2
AN0136-C	CMgam	NA	0
AN0137-C	CMgam	NA	0
AN0138-C	CMgam	NA	0
AN0139-C	CMgam	NA	0
AN0140-C	CMgam	NA	0
AN0141-C	CMgam	NA	0
AN0142-C	CMgam	NA	0
AN0143-C	CMgam	NA	1
AN0144-C	CMgam	NA	0
AN0147-C	CMgam	NA	0
AN0149-C	CMgam	NA	1
AN0151-C	CMgam	NA	0
AN0152-C	CMgam	NA	0
AN0153-C	CMgam	NA	0
AN0154-C	CMgam	NA	0
AN0155-C	CMgam	NA	0
AN0156-C	CMgam	NA	1
AN0157-C	CMgam	NA	0
AN0158-C	CMgam	NA	0
AN0159-C	CMgam	NA	0
AN0160-C	CMgam	NA	0
AN0162-C	CMgam	NA	0
AN0163-C	CMgam	NA	0
AN0164-C	CMgam	NA	0
AN0165-C	CMgam	NA	1
AN0166-C	CMgam	NA	0
AN0167-C	CMgam	NA	0
AN0168-C	CMgam	NA	0
AN0169-C	CMgam	NA	0
AN0170-C	CMgam	NA	0
AN0171-C	CMgam	NA	0
AN0172-C	CMgam	NA	0
AN0173-C	CMgam	NA	0
AN0174-C	CMgam	NA	0
AN0175-C	CMgam	NA	0
AN0176-C	CMgam	NA	1
AN0177-C	CMgam	NA	0
AN0178-C	CMgam	NA	0
AN0179-C	CMgam	NA	0
AN0180-C	CMgam	NA	0
AN0181-C	CMgam	NA	0
AN0182-C	CMgam	NA	1
AN0183-C	CMgam	NA	0
AN0184-C	CMgam	NA	0
AN0185-C	CMgam	NA	0
AN0186-C	CMgam	NA	0
AN0187-C	CMgam	NA	0
AN0188-C	CMgam	NA	0
AN0189-C	CMgam	NA	0
AN0190-C	CMgam	NA	0
AN0191-C	CMgam	NA	0
AN0192-C	CMgam	NA	0
AN0193-C	CMgam	NA	0
AN0194-C	CMgam	NA	0
AN0196-C	CMgam	NA	1
AN0197-C	CMgam	NA	0
AN0198-C	CMgam	NA	1
AN0199-C	CMgam	NA	0
AN0200-C	CMgam	NA	0
AN0201-C	CMgam	NA	0
AN0202-C	CMgam	NA	0
AN0203-C	CMgam	NA	0
AN0204-C	CMgam	NA	0
AN0205-C	CMgam	NA	0
AN0206-C	CMgam	NA	0
AN0207-C	CMgam	NA	0
AN0208-C	CMgam	NA	0
AN0209-C	CMgam	NA	1
AN0210-C	CMgam	NA	0
AN0212-C	CMgam	NA	0
AN0213-C	CMgam	NA	0
AN0214-C	CMgam	NA	1
AN0215-C	CMgam	NA	0
AN0217-C	CMgam	NA	0
AN0218-C	CMgam	NA	0
AN0219-C	CMgam	NA	0
AN0220-C	CMgam	NA	0
AN0221-C	CMgam	NA	0
AN0222-C	CMgam	NA	0
AN0223-C	CMgam	NA	0
AN0224-C	CMgam	NA	1
AN0225-C	CMgam	NA	0
AN0226-C	CMgam	NA	0
AN0227-C	CMgam	NA	1
AN0228-C	CMgam	NA	0
AN0229-C	CMgam	NA	0
AN0230-C	CMgam	NA	2
AN0231-C	CMgam	NA	0
AN0232-C	CMgam	NA	0
AN0233-C	CMgam	NA	0
AN0234-C	CMgam	NA	1
AN0235-C	CMgam	NA	0
AN0236-C	CMgam	NA	2
AN0237-C	CMgam	NA	1
AN0238-C	CMgam	NA	2
AN0239-C	CMgam	NA	1
AN0240-C	CMgam	NA	0
AN0241-C	CMgam	NA	2
AN0242-C	CMgam	NA	0
AN0243-C	CMgam	NA	2
AN0244-C	CMgam	NA	0
AN0245-C	CMgam	NA	0
AN0246-C	CMgam	NA	0
AN0247-C	CMgam	NA	0
AN0248-C	CMgam	NA	2
AN0250-C	CMgam	NA	2
AN0251-C	CMgam	NA	0
AN0252-C	CMgam	NA	0
AN0253-C	CMgam	NA	1
AN0254-C	CMgam	NA	0
AN0255-C	CMgam	NA	0
AN0256-C	CMgam	NA	0
AN0258-C	CMgam	NA	2
AN0259-C	CMgam	NA	0
AN0260-C	CMgam	NA	1
AN0261-C	CMgam	NA	0
AN0262-C	CMgam	NA	1
AN0263-C	CMgam	NA	0
AN0264-C	CMgam	NA	0
AN0265-C	CMgam	NA	1
AN0266-C	CMgam	NA	2
AN0267-C	CMgam	NA	1
AN0268-C	CMgam	NA	0
AN0269-C	CMgam	NA	2
AN0270-C	CMgam	NA	0
AN0271-C	CMgam	NA	1
AN0272-C	CMgam	NA	2
AN0275-C	CMgam	NA	1
AN0276-C	CMgam	NA	2
AN0277-C	CMgam	NA	0
AN0278-C	CMgam	NA	1
AN0279-C	CMgam	NA	1
AN0280-C	CMgam	NA	1
AN0281-C	CMgam	NA	2
AN0282-C	CMgam	NA	0
AN0283-C	CMgam	NA	0
AN0284-C	CMgam	NA	0
AN0285-C	CMgam	NA	0
AN0286-C	CMgam	NA	1
AN0287-C	CMgam	NA	1
AN0288-C	CMgam	NA	0
AN0289-C	CMgam	NA	0
AN0290-C	CMgam	NA	1
AN0291-C	CMgam	NA	0
AN0292-C	CMgam	NA	0
AN0293-C	CMgam	NA	0
AN0294-C	CMgam	NA	0
AN0295-C	CMgam	NA	2
AN0296-C	CMgam	NA	0
AN0297-C	CMgam	NA	0
AN0298-C	CMgam	NA	0
AN0299-C	CMgam	NA	0
AN0300-C	CMgam	NA	0
AN0301-C	CMgam	NA	2
AN0302-C	CMgam	NA	0
AN0303-C	CMgam	NA	1
AN0304-C	CMgam	NA	0
AN0305-C	CMgam	NA	0
AN0306-C	CMgam	NA	1
AN0307-C	CMgam	NA	0
AN0308-C	CMgam	NA	0
AN0309-C	CMgam	NA	0
AN0310-C	CMgam	NA	1
AN0311-C	CMgam	NA	0
AN0312-C	CMgam	NA	0
AN0313-C	CMgam	NA	1
AN0314-C	CMgam	NA	0
AN0315-C	CMgam	NA	0
AN0316-C	CMgam	NA	0
AN0317-C	CMgam	NA	0
AN0318-C	CMgam	NA	0
AN0319-C	CMgam	NA	0
AN0320-C	CMgam	NA	0
AN0321-C	CMgam	NA	1
AP0002-C	FRgam	NA	0
AP0005-C	FRgam	NA	0
AP0006-C	FRgam	NA	1
AP0007-C	FRgam	NA	1
AP0008-C	FRgam	NA	1
AP0009-C	FRgam	NA	2
AP0010-C	FRgam	NA	0
AP0011-C	FRgam	NA	2
AP0014-C	FRgam	NA	0
AP0017-C	FRgam	NA	1
AP0018-C	FRgam	NA	1
AP0019-C	FRgam	NA	0
AP0020-C	FRgam	NA	0
AP0021-C	FRgam	NA	0
AP0022-C	FRgam	NA	2
AP0023-C	FRgam	NA	0
AP0024-C	FRgam	NA	1
AP0025-C	FRgam	NA	0
AP0030-C	FRgam	NA	0
AP0031-C	FRgam	NA	0
AP0032-C	FRgam	NA	1
AP0033-C	FRgam	NA	0
AP0034-C	FRgam	NA	1
AP0035-C	FRgam	NA	0
AQ0001-C	GQgam	NA	0
AQ0002-C	GQgam	NA	0
AQ0004-C	GQgam	NA	0
AQ0005-C	GQgam	NA	0
AQ0011-C	GQgam	NA	0
AQ0012-C	GQgam	NA	0
AQ0013-C	GQgam	NA	0
AQ0014-C	GQgam	NA	0
AQ0015-C	GQgam	NA	0
AR0001-C	AOcol	NA	0
AR0007-C	AOcol	NA	0
AR0008-C	AOcol	NA	0
AR0009-C	AOcol	NA	0
AR0010-C	AOcol	NA	0
AR0011-C	AOcol	NA	0
AR0012-C	AOcol	NA	0
AR0013-C	AOcol	NA	0
AR0014-C	AOcol	NA	1
AR0015-C	AOcol	NA	0
AR0016-C	AOcol	NA	0
AR0017-C	AOcol	NA	0
AR0018-C	AOcol	NA	0
AR0019-C	AOcol	NA	0
AR0020-C	AOcol	NA	0
AR0021-C	AOcol	NA	0
AR0022-C	AOcol	NA	0
AR0023-C	AOcol	NA	0
AR0024-C	AOcol	NA	0
AR0026-C	AOcol	NA	1
AR0027-C	AOcol	NA	0
AR0034-C	AOcol	NA	0
AR0035-C	AOcol	NA	0
AR0036-C	AOcol	NA	0
AR0038-C	AOcol	NA	0
AR0040-C	AOcol	NA	0
AR0042-C	AOcol	NA	0
AR0043-C	AOcol	NA	0
AR0044-C	AOcol	NA	0
AR0045-C	AOcol	NA	0
AR0046-C	AOcol	NA	1
AR0047-C	AOcol	NA	0
AR0048-C	AOcol	NA	0
AR0049-C	AOcol	NA	0
AR0050-C	AOcol	NA	0
AR0051-C	AOcol	NA	0
AR0052-C	AOcol	NA	1
AR0053-C	AOcol	NA	0
AR0054-C	AOcol	NA	0
AR0057-C	AOcol	NA	0
AR0059-C	AOcol	NA	0
AR0060-C	AOcol	NA	0
AR0061-C	AOcol	NA	0
AR0062-C	AOcol	NA	0
AR0063-C	AOcol	NA	0
AR0064-C	AOcol	NA	0
AR0065-C	AOcol	NA	0
AR0066-C	AOcol	NA	0
AR0069-C	AOcol	NA	0
AR0070-C	AOcol	NA	0
AR0071-C	AOcol	NA	0
AR0072-C	AOcol	NA	0
AR0073-C	AOcol	NA	0
AR0074-C	AOcol	NA	0
AR0075-C	AOcol	NA	0
AR0076-C	AOcol	NA	0
AR0077-C	AOcol	NA	0
AR0078-C	AOcol	NA	0
AR0079-C	AOcol	NA	0
AR0080-C	AOcol	NA	0
AR0081-C	AOcol	NA	0
AR0082-C	AOcol	NA	0
AR0083-C	AOcol	NA	0
AR0084-C	AOcol	NA	0
AR0085-C	AOcol	NA	0
AR0086-C	AOcol	NA	0
AR0087-C	AOcol	NA	0
AR0088-C	AOcol	NA	0
AR0089-C	AOcol	NA	0
AR0090-C	AOcol	NA	0
AR0092-C	AOcol	NA	0
AR0093-C	AOcol	NA	0
AR0095-C	AOcol	NA	0
AR0096-C	AOcol	NA	0
AR0097-C	AOcol	NA	0
AR0098-C	AOcol	NA	0
AR0099-C	AOcol	NA	0
AR0100-C	AOcol	NA	0
AS0001-C	GAgam	NA	0
AS0002-C	GAgam	NA	0
AS0003-C	GAgam	NA	0
AS0004-C	GAgam	NA	0
AS0005-C	GAgam	NA	1
AS0006-C	GAgam	NA	0
AS0007-C	GAgam	NA	0
AS0008-C	GAgam	NA	0
AS0009-C	GAgam	NA	0
AS0010-C	GAgam	NA	0
AS0011-C	GAgam	NA	0
AS0012-C	GAgam	NA	0
AS0013-C	GAgam	NA	0
AS0014-C	GAgam	NA	0
AS0015-C	GAgam	NA	0
AS0016-C	GAgam	NA	0
AS0017-C	GAgam	NA	0
AS0018-C	GAgam	NA	0
AS0019-C	GAgam	NA	0
AS0020-C	GAgam	NA	1
AS0021-C	GAgam	NA	0
AS0022-C	GAgam	NA	0
AS0024-C	GAgam	NA	0
AS0025-C	GAgam	NA	0
AS0026-C	GAgam	NA	0
AS0027-C	GAgam	NA	0
AS0028-C	GAgam	NA	1
AS0029-C	GAgam	NA	0
AS0030-C	GAgam	NA	0
AS0032-C	GAgam	NA	0
AS0033-C	GAgam	NA	0
AS0034-C	GAgam	NA	0
AS0035-C	GAgam	NA	0
AS0036-C	GAgam	NA	0
AS0037-C	GAgam	NA	0
AS0039-C	GAgam	NA	0
AS0040-C	GAgam	NA	0
AS0041-C	GAgam	NA	0
AS0042-C	GAgam	NA	0
AS0044-C	GAgam	NA	0
AS0045-C	GAgam	NA	0
AS0046-C	GAgam	NA	0
AS0047-C	GAgam	NA	0
AS0048-C	GAgam	NA	0
AS0049-C	GAgam	NA	0
AS0051-C	GAgam	NA	0
AS0052-C	GAgam	NA	0
AS0053-C	GAgam	NA	0
AS0054-C	GAgam	NA	1
AS0055-C	GAgam	NA	0
AS0056-C	GAgam	NA	0
AS0057-C	GAgam	NA	0
AS0058-C	GAgam	NA	0
AS0059-C	GAgam	NA	0
AS0060-C	GAgam	NA	0
AS0062-C	GAgam	NA	0
AS0064-C	GAgam	NA	0
AS0065-C	GAgam	NA	0
AS0066-C	GAgam	NA	0
AS0068-C	GAgam	NA	0
AS0069-C	GAgam	NA	0
AS0070-C	GAgam	NA	0
AS0071-C	GAgam	NA	1
AS0072-C	GAgam	NA	0
AS0073-C	GAgam	NA	0
AS0074-C	GAgam	NA	0
AS0076-C	GAgam	NA	0
AS0077-C	GAgam	NA	0
AS0078-C	GAgam	NA	0
AV0001-C	GNgam	NA	2
AV0002-C	GNgam	NA	2
AV0003-C	GNgam	NA	1
AV0004-C	GNgam	NA	0
AV0005-C	GNgam	NA	1
AV0006-C	GNgam	NA	0
AV0007-C	GNgam	NA	0
AV0008-C	GNgam	NA	1
AV0009-C	GNgam	NA	1
AV0010-C	GNgam	NA	1
AV0011-C	GNgam	NA	2
AV0012-C	GNgam	NA	1
AV0013-C	GNgam	NA	1
AV0014-C	GNgam	NA	0
AV0015-C	GNgam	NA	1
AV0017-C	GNgam	NA	1
AV0018-C	GNgam	NA	1
AV0020-C	GNgam	NA	2
AV0021-C	GNgam	NA	1
AV0022-C	GNgam	NA	0
AV0024-C	GNgam	NA	0
AV0025-C	GNgam	NA	0
AV0026-C	GNgam	NA	0
AV0027-C	GNgam	NA	0
AV0028-C	GNgam	NA	0
AV0029-C	GNgam	NA	1
AV0030-C	GNgam	NA	1
AV0031-C	GNgam	NA	1
AV0032-C	GNgam	NA	0
AV0033-C	GNgam	NA	0
AV0034-C	GNgam	NA	2
AV0035-C	GNgam	NA	2
AV0036-C	GNgam	NA	2
AV0037-C	GNgam	NA	0
AV0038-C	GNcol	NA	0
AV0039-C	GNgam	NA	0
AV0040-C	GNcol	NA	0
AV0041-C	GNgam	NA	0
AV0042-C	GNcol	NA	0
AV0043-C	GNgam	NA	0
AV0044-C	GNgam	NA	0
AV0045-C	GNgam	NA	0
AV0046-C	GNcol	NA	0
AV0047-C	GNgam	NA	0
AY0006-C	CIcol	NA	0
AY0007-C	CIcol	NA	2
AY0010-C	CIcol	NA	1
AY0011-C	CIcol	NA	0
AY0012-C	CIcol	NA	1
AY0013-C	CIcol	NA	1
AY0015-C	CIcol	NA	0
AY0016-C	CIcol	NA	1
AY0017-C	CIcol	NA	0
AY0018-C	CIcol	NA	1
AY0019-C	CIcol	NA	1
AY0020-C	CIcol	NA	2
AY0021-C	CIcol	NA	1
AY0023-C	CIcol	NA	0
AY0024-C	CIcol	NA	1
AY0025-C	CIcol	NA	0
AY0026-C	CIcol	NA	1
AY0027-C	CIcol	NA	1
AY0029-C	CIcol	NA	0
AY0031-C	CIcol	NA	1
AY0032-C	CIcol	NA	1
AY0033-C	CIcol	NA	1
AY0034-C	CIcol	NA	1
AY0035-C	CIcol	NA	0
AY0036-C	CIcol	NA	0
AY0038-C	CIcol	NA	0
AY0039-C	CIcol	NA	1
AY0040-C	CIcol	NA	2
AY0041-C	CIcol	NA	2
AY0042-C	CIcol	NA	1
AY0043-C	CIcol	NA	1
AY0045-C	CIcol	NA	2
AY0046-C	CIcol	NA	1
AY0047-C	CIcol	NA	2
AY0048-C	CIcol	NA	0
AY0049-C	CIcol	NA	1
AY0050-C	CIcol	NA	0
AY0052-C	CIcol	NA	2
AY0053-C	CIcol	NA	0
AY0054-C	CIcol	NA	1
AY0055-C	CIcol	NA	0
AY0056-C	CIcol	NA	0
AY0057-C	CIcol	NA	0
AY0058-C	CIcol	NA	0
AY0059-C	CIcol	NA	2
AY0060-C	CIcol	NA	0
AY0061-C	CIcol	NA	1
AY0062-C	CIcol	NA	0
AY0063-C	CIcol	NA	1
AY0064-C	CIcol	NA	0
AY0065-C	CIcol	NA	2
AY0066-C	CIcol	NA	0
AY0067-C	CIcol	NA	1
AY0068-C	CIcol	NA	0
AY0069-C	CIcol	NA	0
AY0070-C	CIcol	NA	1
AY0072-C	CIcol	NA	0
AY0074-C	CIcol	NA	0
AY0076-C	CIcol	NA	1
AY0077-C	CIcol	NA	1
AY0078-C	CIcol	NA	0
AY0079-C	CIcol	NA	1
AY0080-C	CIcol	NA	1
AY0082-C	CIcol	NA	0
AY0083-C	CIcol	NA	0
AY0085-C	CIcol	NA	1
AY0087-C	CIcol	NA	1
AY0088-C	CIcol	NA	2
AY0089-C	CIcol	NA	2
AY0090-C	CIcol	NA	1
AY0091-C	CIcol	NA	0
AB0085-C	BFS	2	2
AB0087-C	BFM	2	2
AB0088-C	BFM	2	2
AB0089-C	BFM	2	2
AB0090-C	BFM	2	2
AB0091-C	BFM	2	2
AB0092-C	BFM	2	2
AB0094-C	BFM	2	2
AB0095-C	BFM	2	2
AB0097-C	BFM	2	2
AB0098-C	BFM	2	2
AB0099-C	BFM	2	2
AB0100-C	BFM	2	2
AB0101-C	BFM	2	2
AB0103-C	BFS	2	2
AB0104-C	BFS	2	2
AB0109-C	BFM	2	2
AB0110-C	BFM	2	2
AB0111-C	BFM	2	2
AB0112-C	BFM	2	2
AB0113-C	BFM	2	2
AB0114-C	BFM	2	2
AB0117-C	BFS	1	1
AB0119-C	BFS	2	2
AB0122-C	BFM	2	2
AB0123-C	BFM	2	2
AB0124-C	BFM	2	2
AB0126-C	BFS	1	1
AB0127-C	BFS	2	2
AB0128-C	BFS	2	2
AB0129-C	BFS	2	2
AB0130-C	BFS	2	2
AB0133-C	BFS	2	2
AB0134-C	BFS	2	2
AB0135-C	BFS	2	2
AB0136-C	BFS	2	2
AB0137-C	BFM	2	2
AB0138-C	BFM	2	2
AB0139-C	BFM	2	2
AB0140-C	BFM	2	2
AB0142-C	BFM	2	2
AB0143-C	BFS	2	2
AB0145-C	BFS	1	1
AB0146-C	BFS	2	2
AB0147-C	BFS	2	2
AB0148-C	BFS	1	1
AB0151-C	BFS	1	1
AB0153-C	BFS	1	1
AB0155-C	BFS	2	2
AB0157-C	BFS	1	1
AB0158-C	BFS	2	2
AB0159-C	BFS	2	2
AB0160-C	BFS	2	2
AB0161-C	BFS	2	2
AB0164-C	BFS	2	2
AB0166-C	BFS	2	2
AB0169-C	BFS	2	2
AB0170-C	BFS	1	1
AB0171-C	BFS	2	2
AB0172-C	BFS	2	2
AB0173-C	BFS	2	2
AB0174-C	BFS	2	2
AB0175-C	BFS	2	2
AB0176-C	BFS	2	2
AB0177-C	BFS	2	2
AB0178-C	BFS	2	2
AB0179-C	BFS	2	2
AB0181-C	BFM	2	2
AB0182-C	BFM	2	2
AB0183-C	BFM	2	2
AB0184-C	BFM	2	2
AB0185-C	BFM	2	2
AB0186-C	BFM	2	2
AB0187-C	BFM	2	2
AB0188-C	BFM	2	2
AB0189-C	BFM	2	2
AB0190-C	BFM	2	2
AB0191-C	BFM	2	2
AB0192-C	BFM	2	2
AB0197-C	BFS	2	2
AB0198-C	BFS	2	2
AB0199-C	BFS	2	2
AB0201-C	BFS	2	2
AB0202-C	BFS	2	2
AB0203-C	BFS	2	2
AB0204-C	BFM	2	2
AB0205-C	BFS	1	1
AB0206-C	BFS	2	2
AB0207-C	BFS	2	2
AB0208-C	BFS	2	2
AB0209-C	BFM	2	2
AB0210-C	BFM	2	2
AB0211-C	BFS	2	2
AB0212-C	BFM	2	2
AB0213-C	BFM	2	2
AB0217-C	BFS	2	2
AB0219-C	BFM	2	2
AB0221-C	BFM	2	2
AB0222-C	BFM	2	2
AB0223-C	BFM	2	2
AB0224-C	BFM	1	1
AB0226-C	BFM	2	2
AB0227-C	BFM	2	2
AB0228-C	BFS	2	2
AB0229-C	BFM	2	2
AB0231-C	BFS	1	1
AB0233-C	BFS	1	1
AB0234-C	BFM	2	2
AB0235-C	BFS	2	2
AB0236-C	BFS	2	2
AB0237-C	BFM	2	2
AB0238-C	BFS	2	2
AB0239-C	BFS	2	2
AB0240-C	BFM	2	2
AB0241-C	BFS	2	2
AB0242-C	BFM	2	2
AB0243-C	BFM	2	2
AB0244-C	BFS	2	2
AB0246-C	BFM	2	2
AB0249-C	BFM	2	2
AB0250-C	BFM	2	2
AB0251-C	BFS	1	1
AB0252-C	BFS	2	2
AB0253-C	BFS	2	2
AB0256-C	BFS	1	1
AB0257-C	BFM	2	2
AB0258-C	BFM	2	2
AB0260-C	BFS	2	2
AB0261-C	BFS	1	1
AB0262-C	BFM	2	2
AB0263-C	BFM	2	2
AB0264-C	BFS	2	2
AB0265-C	BFS	2	2
AB0266-C	BFM	2	2
AB0267-C	BFM	2	2
AB0268-C	BFS	2	2
AB0270-C	BFS	1	1
AB0271-C	BFS	2	2
AB0272-C	BFS	2	2
AB0273-C	BFS	2	2
AB0274-C	BFS	2	2
AB0276-C	BFM	2	2
AB0277-C	BFS	2	2
AB0278-C	BFS	2	2
AB0279-C	BFM	2	2
AB0280-C	BFS	2	2
AB0281-C	BFS	2	2
AB0282-C	BFM	2	2
AB0283-C	BFS	2	2
AB0284-C	BFS	2	2
AC0090-C	UGS	1	1
AC0091-C	UGS	1	1
AC0092-C	UGS	2	2
AC0093-C	UGS	1	1
AC0094-C	UGS	1	1
AC0095-C	UGS	2	2
AC0096-C	UGS	1	1
AC0097-C	UGS	2	2
AC0098-C	UGS	2	2
AC0099-C	UGS	0	0
AC0100-C	UGS	1	1
AC0101-C	UGS	1	1
AC0102-C	UGS	0	0
AC0103-C	UGS	2	2
AC0104-C	UGS	0	0
AC0106-C	UGS	2	2
AC0107-C	UGS	0	0
AC0108-C	UGS	2	2
AC0109-C	UGS	2	2
AC0110-C	UGS	1	1
AC0111-C	UGS	2	2
AC0112-C	UGS	1	1
AC0113-C	UGS	1	1
AC0114-C	UGS	1	1
AC0115-C	UGS	2	2
AC0116-C	UGS	2	2
AC0117-C	UGS	1	1
AC0118-C	UGS	1	1
AC0119-C	UGS	0	0
AC0120-C	UGS	0	0
AC0121-C	UGS	2	2
AC0122-C	UGS	1	1
AC0123-C	UGS	1	1
AC0124-C	UGS	2	2
AC0125-C	UGS	1	1
AC0126-C	UGS	0	0
AC0127-C	UGS	2	2
AC0128-C	UGS	1	1
AC0129-C	UGS	2	2
AC0130-C	UGS	2	2
AC0131-C	UGS	1	1
AC0132-C	UGS	2	2
AC0133-C	UGS	1	1
AC0135-C	UGS	1	1
AC0136-C	UGS	1	1
AC0137-C	UGS	2	2
AC0138-C	UGS	0	0
AC0139-C	UGS	0	0
AC0140-C	UGS	2	2
AC0142-C	UGS	1	1
AC0143-C	UGS	2	2
AC0144-C	UGS	2	2
AC0145-C	UGS	1	1
AC0147-C	UGS	2	2
AC0148-C	UGS	2	2
AC0149-C	UGS	1	1
AC0150-C	UGS	0	0
AC0151-C	UGS	1	1
AC0152-C	UGS	1	1
AC0153-C	UGS	0	0
AC0154-C	UGS	1	1
AC0156-C	UGS	1	1
AC0158-C	UGS	1	1
AC0159-C	UGS	0	0
AC0160-C	UGS	1	1
AC0161-C	UGS	2	2
AC0162-C	UGS	1	1
AC0163-C	UGS	1	1
AC0164-C	UGS	1	1
AC0166-C	UGS	1	1
AC0167-C	UGS	1	1
AC0168-C	UGS	1	1
AC0169-C	UGS	2	2
AC0170-C	UGS	1	1
AC0171-C	UGS	2	2
AC0172-C	UGS	2	2
AC0173-C	UGS	1	1
AC0174-C	UGS	1	1
AC0176-C	UGS	0	0
AC0178-C	UGS	1	1
AC0179-C	UGS	2	2
AC0180-C	UGS	2	2
AC0181-C	UGS	0	0
AC0182-C	UGS	2	2
AC0183-C	UGS	1	1
AC0184-C	UGS	2	2
AC0186-C	UGS	0	0
AC0187-C	UGS	1	1
AC0188-C	UGS	1	1
AC0189-C	UGS	2	2
AC0190-C	UGS	2	2
AC0191-C	UGS	2	2
AC0192-C	UGS	2	2
AC0193-C	UGS	2	2
AC0194-C	UGS	2	2
AC0195-C	UGS	1	1
AC0196-C	UGS	2	2
AC0197-C	UGS	2	2
AC0199-C	UGS	1	1
AC0200-C	UGS	1	1
AC0201-C	UGS	2	2
AC0202-C	UGS	1	1
AC0203-C	UGS	1	1
AJ0023-C	GWA	0	0
AJ0024-C	GWA	0	0
AJ0032-C	GWA	2	2
AJ0035-C	GWA	1	1
AJ0036-C	GWA	0	0
AJ0039-C	GWA	0	0
AJ0043-C	GWA	1	1
AJ0044-C	GWA	1	1
AJ0045-C	GWA	2	2
AJ0047-C	GWA	1	1
AJ0051-C	GWA	1	1
AJ0052-C	GWA	0	0
AJ0056-C	GWA	0	0
AJ0061-C	GWA	0	0
AJ0063-C	GWA	1	1
AJ0064-C	GWA	1	1
AJ0066-C	GWA	0	0
AJ0070-C	GWA	0	0
AJ0071-C	GWA	0	0
AJ0072-C	GWA	0	0
AJ0074-C	GWA	2	2
AJ0075-C	GWA	1	1
AJ0076-C	GWA	1	1
AJ0077-C	GWA	1	1
AJ0078-C	GWA	1	1
AJ0081-C	GWA	1	1
AJ0084-C	GWA	1	1
AJ0085-C	GWA	0	0
AJ0086-C	GWA	0	0
AJ0088-C	GWA	0	0
AJ0090-C	GWA	1	1
AJ0092-C	GWA	1	1
AJ0093-C	GWA	1	1
AJ0096-C	GWA	0	0
AJ0097-C	GWA	1	1
AJ0098-C	GWA	0	0
AJ0100-C	GWA	0	0
AJ0101-C	GWA	0	0
AJ0102-C	GWA	0	0
AJ0103-C	GWA	1	1
AJ0105-C	GWA	0	0
AJ0107-C	GWA	0	0
AJ0109-C	GWA	0	0
AJ0113-C	GWA	1	1
AJ0115-C	GWA	0	0
AJ0116-C	GWA	1	1
AK0065-C	KES	2	2
AK0066-C	KES	2	2
AK0067-C	KES	0	0
AK0068-C	KES	1	1
AK0069-C	KES	0	0
AK0070-C	KES	2	2
AK0072-C	KES	1	1
AK0073-C	KES	1	1
AK0074-C	KES	1	1
AK0075-C	KES	1	1
AK0076-C	KES	1	1
AK0077-C	KES	1	1
AK0078-C	KES	0	0
AK0079-C	KES	1	1
AK0080-C	KES	1	1
AK0081-C	KES	0	0
AK0082-C	KES	1	1
AK0085-C	KES	1	1
AK0086-C	KES	1	1
AK0087-C	KES	2	2
AK0088-C	KES	1	1
AK0089-C	KES	2	2
AK0090-C	KES	1	1
AK0091-C	KES	1	1
AK0092-C	KES	1	1
AK0093-C	KES	2	2
AK0094-C	KES	2	2
AK0095-C	KES	1	1
AK0096-C	KES	2	2
AK0098-C	KES	2	2
AK0099-C	KES	2	2
AK0100-C	KES	1	1
AK0101-C	KES	2	2
AK0102-C	KES	1	1
AK0103-C	KES	0	0
AK0104-C	KES	1	1
AK0105-C	KES	0	0
AK0106-C	KES	0	0
AK0108-C	KES	1	1
AK0109-C	KES	2	2
AK0110-C	KES	2	2
AK0116-C	KES	2	2
AK0119-C	KES	1	1
AK0127-C	KES	2	2
AN0007-C	CMS	0	0
AN0008-C	CMS	0	0
AN0009-C	CMS	1	1
AN0010-C	CMS	0	0
AN0011-C	CMS	0	0
AN0012-C	CMS	0	0
AN0014-C	CMS	0	0
AN0016-C	CMS	1	1
AN0017-C	CMS	1	1
AN0018-C	CMS	0	0
AN0019-C	CMS	0	0
AN0020-C	CMS	0	0
AN0022-C	CMS	1	1
AN0023-C	CMS	2	2
AN0024-C	CMS	2	2
AN0025-C	CMS	1	1
AN0026-C	CMS	2	2
AN0027-C	CMS	1	1
AN0028-C	CMS	0	0
AN0029-C	CMS	1	1
AN0030-C	CMS	2	2
AN0031-C	CMS	1	1
AN0032-C	CMS	1	1
AN0033-C	CMS	1	1
AN0034-C	CMS	2	2
AN0035-C	CMS	0	0
AN0036-C	CMS	2	2
AN0037-C	CMS	1	1
AN0038-C	CMS	1	1
AN0039-C	CMS	1	1
AN0040-C	CMS	2	2
AN0041-C	CMS	1	1
AN0042-C	CMS	1	1
AN0043-C	CMS	2	2
AN0045-C	CMS	1	1
AN0046-C	CMS	2	2
AN0047-C	CMS	2	2
AN0048-C	CMS	2	2
AN0049-C	CMS	2	2
AN0050-C	CMS	1	1
AN0051-C	CMS	1	1
AN0053-C	CMS	2	2
AN0054-C	CMS	2	2
AN0055-C	CMS	0	0
AN0056-C	CMS	1	1
AN0057-C	CMS	0	0
AN0058-C	CMS	2	2
AN0059-C	CMS	1	1
AN0060-C	CMS	2	2
AN0063-C	CMS	1	1
AN0064-C	CMS	2	2
AN0065-C	CMS	1	1
AN0066-C	CMS	1	1
AN0067-C	CMS	2	2
AN0068-C	CMS	0	0
AN0069-C	CMS	0	0
AN0070-C	CMS	2	2
AN0071-C	CMS	2	2
AN0072-C	CMS	1	1
AN0073-C	CMS	0	0
AN0074-C	CMS	1	1
AN0075-C	CMS	0	0
AN0076-C	CMS	2	2
AN0077-C	CMS	0	0
AN0079-C	CMS	0	0
AN0080-C	CMS	0	0
AN0081-C	CMS	1	1
AN0082-C	CMS	2	2
AN0083-C	CMS	1	1
AN0084-C	CMS	0	0
AN0085-C	CMS	0	0
AN0086-C	CMS	1	1
AN0087-C	CMS	0	0
AN0088-C	CMS	1	1
AN0089-C	CMS	2	2
AN0090-C	CMS	2	2
AN0091-C	CMS	2	2
AN0092-C	CMS	2	2
AN0093-C	CMS	2	2
AN0094-C	CMS	1	1
AN0095-C	CMS	2	2
AN0096-C	CMS	1	1
AN0097-C	CMS	1	1
AN0098-C	CMS	1	1
AN0099-C	CMS	0	0
AN0100-C	CMS	1	1
AN0101-C	CMS	1	1
AN0102-C	CMS	1	1
AN0103-C	CMS	1	1
AN0104-C	CMS	1	1
AN0105-C	CMS	2	2
AN0106-C	CMS	0	0
AN0107-C	CMS	0	0
AN0108-C	CMS	2	2
AN0109-C	CMS	1	1
AN0111-C	CMS	1	1
AN0112-C	CMS	2	2
AN0113-C	CMS	0	0
AN0114-C	CMS	2	2
AN0115-C	CMS	0	0
AN0117-C	CMS	1	1
AN0120-C	CMS	1	1
AN0121-C	CMS	2	2
AN0122-C	CMS	0	0
AN0123-C	CMS	0	0
AN0124-C	CMS	0	0
AN0125-C	CMS	0	0
AN0126-C	CMS	0	0
AN0127-C	CMS	0	0
AN0128-C	CMS	1	1
AN0129-C	CMS	0	0
AN0130-C	CMS	0	0
AN0131-C	CMS	0	0
AN0132-C	CMS	0	0
AN0134-C	CMS	0	0
AN0135-C	CMS	2	2
AN0136-C	CMS	0	0
AN0137-C	CMS	0	0
AN0138-C	CMS	0	0
AN0139-C	CMS	0	0
AN0140-C	CMS	0	0
AN0141-C	CMS	0	0
AN0143-C	CMS	1	1
AN0147-C	CMS	0	0
AN0149-C	CMS	1	1
AN0151-C	CMS	0	0
AN0152-C	CMS	0	0
AN0153-C	CMS	0	0
AN0154-C	CMS	0	0
AN0155-C	CMS	0	0
AN0156-C	CMS	1	1
AN0157-C	CMS	0	0
AN0158-C	CMS	0	0
AN0159-C	CMS	0	0
AN0160-C	CMS	0	0
AN0162-C	CMS	0	0
AN0163-C	CMS	0	0
AN0164-C	CMS	0	0
AN0165-C	CMS	1	1
AN0166-C	CMS	0	0
AN0167-C	CMS	0	0
AN0168-C	CMS	0	0
AN0169-C	CMS	0	0
AN0170-C	CMS	0	0
AN0171-C	CMS	0	0
AN0172-C	CMS	0	0
AN0173-C	CMS	0	0
AN0174-C	CMS	0	0
AN0175-C	CMS	0	0
AN0176-C	CMS	1	1
AN0177-C	CMS	0	0
AN0178-C	CMS	0	0
AN0179-C	CMS	0	0
AN0180-C	CMS	0	0
AN0181-C	CMS	0	0
AN0182-C	CMS	1	1
AN0183-C	CMS	0	0
AN0184-C	CMS	0	0
AN0185-C	CMS	0	0
AN0186-C	CMS	0	0
AN0187-C	CMS	0	0
AN0188-C	CMS	0	0
AN0189-C	CMS	0	0
AN0190-C	CMS	0	0
AN0191-C	CMS	0	0
AN0192-C	CMS	0	0
AN0193-C	CMS	0	0
AN0194-C	CMS	0	0
AN0196-C	CMS	1	1
AN0197-C	CMS	0	0
AN0198-C	CMS	1	1
AN0199-C	CMS	0	0
AN0200-C	CMS	0	0
AN0201-C	CMS	0	0
AN0202-C	CMS	0	0
AN0203-C	CMS	0	0
AN0204-C	CMS	0	0
AN0205-C	CMS	0	0
AN0206-C	CMS	0	0
AN0207-C	CMS	0	0
AN0208-C	CMS	0	0
AN0209-C	CMS	1	1
AN0210-C	CMS	0	0
AN0212-C	CMS	0	0
AN0213-C	CMS	0	0
AN0214-C	CMS	1	1
AN0215-C	CMS	0	0
AN0217-C	CMS	0	0
AN0218-C	CMS	0	0
AN0219-C	CMS	0	0
AN0220-C	CMS	0	0
AN0221-C	CMS	0	0
AN0222-C	CMS	0	0
AN0223-C	CMS	0	0
AN0224-C	CMS	1	1
AN0225-C	CMS	0	0
AN0226-C	CMS	0	0
AN0227-C	CMS	1	1
AN0228-C	CMS	0	0
AN0229-C	CMS	0	0
AN0230-C	CMS	2	2
AN0231-C	CMS	0	0
AN0233-C	CMS	0	0
AN0234-C	CMS	1	1
AN0235-C	CMS	0	0
AN0236-C	CMS	2	2
AN0237-C	CMS	1	1
AN0238-C	CMS	2	2
AN0239-C	CMS	1	1
AN0240-C	CMS	0	0
AN0241-C	CMS	2	2
AN0242-C	CMS	0	0
AN0243-C	CMS	2	2
AN0244-C	CMS	0	0
AN0245-C	CMS	0	0
AN0246-C	CMS	0	0
AN0247-C	CMS	0	0
AN0248-C	CMS	2	2
AN0250-C	CMS	2	2
AN0251-C	CMS	0	0
AN0252-C	CMS	0	0
AN0253-C	CMS	1	1
AN0254-C	CMS	0	0
AN0255-C	CMS	0	0
AN0256-C	CMS	0	0
AN0258-C	CMS	2	2
AN0259-C	CMS	0	0
AN0260-C	CMS	1	1
AN0261-C	CMS	0	0
AN0262-C	CMS	1	1
AN0263-C	CMS	0	0
AN0264-C	CMS	0	0
AN0266-C	CMS	2	2
AN0267-C	CMS	1	1
AN0268-C	CMS	0	0
AN0269-C	CMS	2	2
AN0270-C	CMS	0	0
AN0272-C	CMS	2	2
AN0275-C	CMS	1	1
AN0276-C	CMS	2	2
AN0277-C	CMS	0	0
AN0280-C	CMS	1	1
AN0282-C	CMS	0	0
AN0283-C	CMS	0	0
AN0284-C	CMS	0	0
AN0285-C	CMS	0	0
AN0286-C	CMS	1	1
AN0287-C	CMS	1	1
AN0288-C	CMS	0	0
AN0290-C	CMS	1	1
AN0291-C	CMS	0	0
AN0292-C	CMS	0	0
AN0294-C	CMS	0	0
AN0295-C	CMS	2	2
AN0296-C	CMS	0	0
AN0297-C	CMS	0	0
AN0298-C	CMS	0	0
AN0299-C	CMS	0	0
AN0300-C	CMS	0	0
AN0301-C	CMS	2	2
AN0303-C	CMS	1	1
AN0304-C	CMS	0	0
AN0305-C	CMS	0	0
AN0307-C	CMS	0	0
AN0308-C	CMS	0	0
AN0309-C	CMS	0	0
AN0310-C	CMS	1	1
AN0312-C	CMS	0	0
AN0313-C	CMS	1	1
AN0314-C	CMS	0	0
AN0315-C	CMS	0	0
AN0317-C	CMS	0	0
AN0318-C	CMS	0	0
AN0319-C	CMS	0	0
AN0321-C	CMS	1	1
AR0007-C	AOM	0	0
AR0008-C	AOM	0	0
AR0009-C	AOM	0	0
AR0010-C	AOM	0	0
AR0011-C	AOM	0	0
AR0012-C	AOM	0	0
AR0014-C	AOM	1	1
AR0015-C	AOM	0	0
AR0017-C	AOM	0	0
AR0019-C	AOM	0	0
AR0020-C	AOM	0	0
AR0021-C	AOM	0	0
AR0022-C	AOM	0	0
AR0023-C	AOM	0	0
AR0024-C	AOM	0	0
AR0026-C	AOM	1	1
AR0027-C	AOM	0	0
AR0034-C	AOM	0	0
AR0035-C	AOM	0	0
AR0042-C	AOM	0	0
AR0043-C	AOM	0	0
AR0045-C	AOM	0	0
AR0047-C	AOM	0	0
AR0049-C	AOM	0	0
AR0050-C	AOM	0	0
AR0051-C	AOM	0	0
AR0053-C	AOM	0	0
AR0054-C	AOM	0	0
AR0057-C	AOM	0	0
AR0059-C	AOM	0	0
AR0061-C	AOM	0	0
AR0062-C	AOM	0	0
AR0063-C	AOM	0	0
AR0065-C	AOM	0	0
AR0066-C	AOM	0	0
AR0069-C	AOM	0	0
AR0070-C	AOM	0	0
AR0071-C	AOM	0	0
AR0072-C	AOM	0	0
AR0073-C	AOM	0	0
AR0074-C	AOM	0	0
AR0075-C	AOM	0	0
AR0076-C	AOM	0	0
AR0078-C	AOM	0	0
AR0079-C	AOM	0	0
AR0080-C	AOM	0	0
AR0081-C	AOM	0	0
AR0083-C	AOM	0	0
AR0084-C	AOM	0	0
AR0086-C	AOM	0	0
AR0087-C	AOM	0	0
AR0089-C	AOM	0	0
AR0090-C	AOM	0	0
AR0092-C	AOM	0	0
AR0093-C	AOM	0	0
AR0095-C	AOM	0	0
AR0096-C	AOM	0	0
AR0098-C	AOM	0	0
AR0099-C	AOM	0	0
AR0100-C	AOM	0	0
AS0001-C	GAS	0	0
AS0002-C	GAS	0	0
AS0003-C	GAS	0	0
AS0004-C	GAS	0	0
AS0006-C	GAS	0	0
AS0007-C	GAS	0	0
AS0008-C	GAS	0	0
AS0009-C	GAS	0	0
AS0010-C	GAS	0	0
AS0011-C	GAS	0	0
AS0012-C	GAS	0	0
AS0013-C	GAS	0	0
AS0014-C	GAS	0	0
AS0015-C	GAS	0	0
AS0016-C	GAS	0	0
AS0017-C	GAS	0	0
AS0018-C	GAS	0	0
AS0019-C	GAS	0	0
AS0020-C	GAS	1	1
AS0021-C	GAS	0	0
AS0022-C	GAS	0	0
AS0024-C	GAS	0	0
AS0026-C	GAS	0	0
AS0028-C	GAS	1	1
AS0030-C	GAS	0	0
AS0032-C	GAS	0	0
AS0033-C	GAS	0	0
AS0034-C	GAS	0	0
AS0035-C	GAS	0	0
AS0036-C	GAS	0	0
AS0037-C	GAS	0	0
AS0039-C	GAS	0	0
AS0042-C	GAS	0	0
AS0044-C	GAS	0	0
AS0045-C	GAS	0	0
AS0047-C	GAS	0	0
AS0049-C	GAS	0	0
AS0052-C	GAS	0	0
AS0053-C	GAS	0	0
AS0054-C	GAS	1	1
AS0055-C	GAS	0	0
AS0056-C	GAS	0	0
AS0058-C	GAS	0	0
AS0059-C	GAS	0	0
AS0064-C	GAS	0	0
AS0065-C	GAS	0	0
AS0066-C	GAS	0	0
AS0068-C	GAS	0	0
AS0069-C	GAS	0	0
AS0070-C	GAS	0	0
AS0071-C	GAS	1	1
AS0072-C	GAS	0	0
AS0073-C	GAS	0	0
AS0074-C	GAS	0	0
AS0076-C	GAS	0	0
AS0077-C	GAS	0	0
AV0001-C	GNS	2	2
AV0002-C	GNS	2	2
AV0003-C	GNS	1	1
AV0004-C	GNS	0	0
AV0005-C	GNS	1	1
AV0007-C	GNS	0	0
AV0008-C	GNS	1	1
AV0009-C	GNS	1	1
AV0010-C	GNS	1	1
AV0011-C	GNS	2	2
AV0012-C	GNS	1	1
AV0013-C	GNS	1	1
AV0014-C	GNS	0	0
AV0015-C	GNS	1	1
AV0018-C	GNS	1	1
AV0024-C	GNS	0	0
AV0026-C	GNS	0	0
AV0027-C	GNS	0	0
AV0029-C	GNS	1	1
AV0030-C	GNS	1	1
AV0031-C	GNS	1	1
AV0032-C	GNS	0	0
AV0033-C	GNS	0	0
AV0034-C	GNS	2	2
AV0035-C	GNS	2	2
AV0036-C	GNS	2	2
AV0039-C	GNS	0	0
AV0041-C	GNS	0	0
AV0044-C	GNS	0	0
AV0045-C	GNS	0	0
AV0047-C	GNS	0	0
SRS408146	TZara	NA	2
SRS408148	BFara	NA	2
SRS408154	TZara	NA	2
SRS408183	TZara	NA	2
SRS408970	CMara	NA	2
SRS408984	CMara	NA	2
SRS408985	BFara	NA	2
SRS408987	CMara	NA	2
SRS408989	CMara	NA	2
SRS408990	BFara	NA	2
SRS408991	TZara	NA	2
SRS408993	BFara	NA	2
SRS408143	ZMqua	NA	0
SRS408145	ZMqua	NA	0
SRS408151	ZMqua	NA	0
SRS408155	ZMqua	NA	0
SRS408966	ZMqua	NA	0
SRS408969	ZMqua	NA	0
SRS408972	ZMqua	NA	0
SRS408973	ZMqua	NA	0
SRS408983	ZMqua	NA	0
SRS420578	ZMqua	NA	0
SRS408186	SAmer	NA	2
SRS408187	SAmer	NA	2
SRS408967	SAmer	NA	2
SRS408974	SAmer	NA	2
SRS408992	SAmer	NA	2
SRS410266	KEmer	NA	2
SRS410284	KEmer	NA	2
SRS410286	KEmer	NA	2
SRS410290	KEmer	NA	2
SRS420577	KEmer	NA	2
SRS408185	CMmel	NA	0
SRS408142	CMmel	NA	0
SRS408147	CMmel	NA	0
SRS408994	CMmel	NA	0
SRS408963	VNepi	NA	2
SRS228219	KNchr	NA	2
